79580,1.38006,"15.0, 15.0","785.0, 785.0",Shared MultiHeuristic A*,True,0.3,1663.8177078425024
83190,1.46978,"15.0, 15.0","785.0, 785.0",Shared MultiHeuristic A*,True,0.3,1681.1949994989056
78945,1.35724,"15.0, 15.0","785.0, 785.0",Shared MultiHeuristic A*,True,0.3,1640.3325009271584
78845,1.37298,"15.0, 15.0","785.0, 785.0",Shared MultiHeuristic A*,True,0.3,1653.3253029053355
78765,1.37477,"15.0, 15.0","785.0, 785.0",Shared MultiHeuristic A*,True,0.3,1627.0330960354795
66675,1.06203,"15.0, 15.0","785.0, 785.0",Shared MultiHeuristic A*,True,0.3,1787.8461402354749
69580,1.13303,"15.0, 15.0","785.0, 785.0",Shared MultiHeuristic A*,True,0.3,1798.64351578473
77810,1.34726,"15.0, 15.0","785.0, 785.0",Shared MultiHeuristic A*,True,0.3,1659.3420177067467
63985,0.99972,"15.0, 15.0","785.0, 785.0",Shared MultiHeuristic A*,True,0.3,1744.3221835751397
86135,1.53871,"15.0, 15.0","785.0, 785.0",Shared MultiHeuristic A*,True,0.3,1670.8460275535224
80875,1.42034,"15.0, 15.0","785.0, 785.0",Shared MultiHeuristic A*,True,0.3,1650.8322518558914
81640,1.43168,"15.0, 15.0","785.0, 785.0",Shared MultiHeuristic A*,True,0.3,1681.4844698866655
79830,1.37829,"15.0, 15.0","785.0, 785.0",Shared MultiHeuristic A*,True,0.3,1649.4438671435112
77905,1.32459,"15.0, 15.0","785.0, 785.0",Shared MultiHeuristic A*,True,0.3,1618.2836689942994
77465,1.24024,"15.0, 15.0","785.0, 785.0",Shared MultiHeuristic A*,True,0.3,1636.049275601038
83820,1.39546,"15.0, 15.0","785.0, 785.0",Shared MultiHeuristic A*,True,0.3,1666.9661586297746
62445,0.91710,"15.0, 15.0","785.0, 785.0",Shared MultiHeuristic A*,True,0.3,1762.0001503102756
61490,0.88453,"15.0, 15.0","785.0, 785.0",Shared MultiHeuristic A*,True,0.3,1761.6500552575392
58285,0.82013,"15.0, 15.0","785.0, 785.0",Shared MultiHeuristic A*,True,0.3,1732.2402197944982
80000,1.29961,"15.0, 15.0","785.0, 785.0",Shared MultiHeuristic A*,True,0.3,1660.4260288424161
77720,1.26016,"15.0, 15.0","785.0, 785.0",Shared MultiHeuristic A*,True,0.3,1655.1429039986972
53340,0.72081,"15.0, 15.0","785.0, 785.0",Shared MultiHeuristic A*,True,0.3,1701.7010578104357
79870,1.31963,"15.0, 15.0","785.0, 785.0",Shared MultiHeuristic A*,True,0.3,1639.27026172682
79950,1.35404,"15.0, 15.0","785.0, 785.0",Shared MultiHeuristic A*,True,0.3,1654.3422935832666
87145,1.51278,"15.0, 15.0","785.0, 785.0",Shared MultiHeuristic A*,True,0.3,1680.7206834312615
68685,1.03903,"15.0, 15.0","785.0, 785.0",Shared MultiHeuristic A*,True,0.3,1808.6615260025756
57335,0.81133,"15.0, 15.0","785.0, 785.0",Shared MultiHeuristic A*,True,0.3,1732.7756798299565
77120,1.24314,"15.0, 15.0","785.0, 785.0",Shared MultiHeuristic A*,True,0.3,1637.5667066165306
83500,1.39251,"15.0, 15.0","785.0, 785.0",Shared MultiHeuristic A*,True,0.3,1666.7862787302454
59555,0.84175,"15.0, 15.0","785.0, 785.0",Shared MultiHeuristic A*,True,0.3,1774.030317826355
78985,1.28779,"15.0, 15.0","785.0, 785.0",Shared MultiHeuristic A*,True,0.3,1632.5916459248579
65130,0.95762,"15.0, 15.0","785.0, 785.0",Shared MultiHeuristic A*,True,0.3,1796.916148688896
79840,1.28851,"15.0, 15.0","785.0, 785.0",Shared MultiHeuristic A*,True,0.3,1652.7276837818238
78720,1.27978,"15.0, 15.0","785.0, 785.0",Shared MultiHeuristic A*,True,0.3,1681.4963219347005
59765,0.85369,"15.0, 15.0","785.0, 785.0",Shared MultiHeuristic A*,True,0.3,1743.6919388265612
78805,1.27674,"15.0, 15.0","785.0, 785.0",Shared MultiHeuristic A*,True,0.3,1632.8382705823115
77415,1.24897,"15.0, 15.0","785.0, 785.0",Shared MultiHeuristic A*,True,0.3,1649.457883646187
70305,1.07699,"15.0, 15.0","785.0, 785.0",Shared MultiHeuristic A*,True,0.3,1810.3458715030656
58915,0.82910,"15.0, 15.0","785.0, 785.0",Shared MultiHeuristic A*,True,0.3,1736.6160648260982
85470,1.43438,"15.0, 15.0","785.0, 785.0",Shared MultiHeuristic A*,True,0.3,1675.586642716565
82300,1.36612,"15.0, 15.0","785.0, 785.0",Shared MultiHeuristic A*,True,0.3,1675.5050705428926
51400,0.68661,"15.0, 15.0","785.0, 785.0",Shared MultiHeuristic A*,True,0.3,1725.0342259869226
76260,1.20762,"15.0, 15.0","785.0, 785.0",Shared MultiHeuristic A*,True,0.3,1639.6984890060235
60050,0.84987,"15.0, 15.0","785.0, 785.0",Shared MultiHeuristic A*,True,0.3,1759.8707034694546
55555,0.76899,"15.0, 15.0","785.0, 785.0",Shared MultiHeuristic A*,True,0.3,1747.605455805295
55205,0.75573,"15.0, 15.0","785.0, 785.0",Shared MultiHeuristic A*,True,0.3,1737.4909694976748
83280,1.37944,"15.0, 15.0","785.0, 785.0",Shared MultiHeuristic A*,True,0.3,1680.1391118700653
61465,0.88038,"15.0, 15.0","785.0, 785.0",Shared MultiHeuristic A*,True,0.3,1748.346517692506
78620,1.27343,"15.0, 15.0","785.0, 785.0",Shared MultiHeuristic A*,True,0.3,1646.8518529513383
57635,0.81111,"15.0, 15.0","785.0, 785.0",Shared MultiHeuristic A*,True,0.3,1729.961258740925
81695,1.33895,"15.0, 15.0","785.0, 785.0",Shared MultiHeuristic A*,True,0.3,1653.2836775024898
75880,1.19909,"15.0, 15.0","785.0, 785.0",Shared MultiHeuristic A*,True,0.3,1615.0633365261685
79910,1.30093,"15.0, 15.0","785.0, 785.0",Shared MultiHeuristic A*,True,0.3,1684.8128363702685
79620,1.29496,"15.0, 15.0","785.0, 785.0",Shared MultiHeuristic A*,True,0.3,1658.7346616385005
78470,1.27140,"15.0, 15.0","785.0, 785.0",Shared MultiHeuristic A*,True,0.3,1651.540753993522
81535,1.34326,"15.0, 15.0","785.0, 785.0",Shared MultiHeuristic A*,True,0.3,1674.8057527719752
76570,1.21874,"15.0, 15.0","785.0, 785.0",Shared MultiHeuristic A*,True,0.3,1838.252693824227
68285,1.04674,"15.0, 15.0","785.0, 785.0",Shared MultiHeuristic A*,True,0.3,1850.2493619302977
79340,1.28654,"15.0, 15.0","785.0, 785.0",Shared MultiHeuristic A*,True,0.3,1677.0533132595033
80950,1.32674,"15.0, 15.0","785.0, 785.0",Shared MultiHeuristic A*,True,0.3,1680.903995084323
67070,1.00096,"15.0, 15.0","785.0, 785.0",Shared MultiHeuristic A*,True,0.3,1779.5484633710032
67940,1.02743,"15.0, 15.0","785.0, 785.0",Shared MultiHeuristic A*,True,0.3,1795.733336331269
82730,1.36521,"15.0, 15.0","785.0, 785.0",Shared MultiHeuristic A*,True,0.3,1676.7859098096956
50195,0.66368,"15.0, 15.0","785.0, 785.0",Shared MultiHeuristic A*,True,0.3,1720.0950319067763
69490,1.05942,"15.0, 15.0","785.0, 785.0",Shared MultiHeuristic A*,True,0.3,1810.4563353420688
83045,1.37501,"15.0, 15.0","785.0, 785.0",Shared MultiHeuristic A*,True,0.3,1662.013573448119
63095,0.91505,"15.0, 15.0","785.0, 785.0",Shared MultiHeuristic A*,True,0.3,1744.2516949702692
58955,0.83178,"15.0, 15.0","785.0, 785.0",Shared MultiHeuristic A*,True,0.3,1733.1501602195374
55460,0.75889,"15.0, 15.0","785.0, 785.0",Shared MultiHeuristic A*,True,0.3,1713.541869034341
78375,1.27416,"15.0, 15.0","785.0, 785.0",Shared MultiHeuristic A*,True,0.3,1633.7516487197927
78140,1.26568,"15.0, 15.0","785.0, 785.0",Shared MultiHeuristic A*,True,0.3,1657.4878206287763
73280,1.14504,"15.0, 15.0","785.0, 785.0",Shared MultiHeuristic A*,True,0.3,1822.808894707191
59640,0.85023,"15.0, 15.0","785.0, 785.0",Shared MultiHeuristic A*,True,0.3,1749.8009978000337
79630,1.28924,"15.0, 15.0","785.0, 785.0",Shared MultiHeuristic A*,True,0.3,1667.4827214844754
59860,0.84681,"15.0, 15.0","785.0, 785.0",Shared MultiHeuristic A*,True,0.3,1747.9852147211934
59820,0.84577,"15.0, 15.0","785.0, 785.0",Shared MultiHeuristic A*,True,0.3,1746.3243538172753
66320,0.98820,"15.0, 15.0","785.0, 785.0",Shared MultiHeuristic A*,True,0.3,1802.943754829176
80820,1.32706,"15.0, 15.0","785.0, 785.0",Shared MultiHeuristic A*,True,0.3,1621.650071302313
77005,1.22809,"15.0, 15.0","785.0, 785.0",Shared MultiHeuristic A*,True,0.3,1662.8140488631693
80650,1.32506,"15.0, 15.0","785.0, 785.0",Shared MultiHeuristic A*,True,0.3,1665.7028272528978
53670,0.72969,"15.0, 15.0","785.0, 785.0",Shared MultiHeuristic A*,True,0.3,1669.875769022828
65015,0.96776,"15.0, 15.0","785.0, 785.0",Shared MultiHeuristic A*,True,0.3,1802.256678352948
68935,1.08029,"15.0, 15.0","785.0, 785.0",Shared MultiHeuristic A*,True,0.3,1824.9777144151662
62870,0.94548,"15.0, 15.0","785.0, 785.0",Shared MultiHeuristic A*,True,0.3,1739.9548285679198
80990,1.33623,"15.0, 15.0","785.0, 785.0",Shared MultiHeuristic A*,True,0.3,1668.1064552615076
77035,1.23945,"15.0, 15.0","785.0, 785.0",Shared MultiHeuristic A*,True,0.3,1639.4190822556047
80440,1.31521,"15.0, 15.0","785.0, 785.0",Shared MultiHeuristic A*,True,0.3,1643.2647535126098
77795,1.25525,"15.0, 15.0","785.0, 785.0",Shared MultiHeuristic A*,True,0.3,1638.652207241736
81445,1.33863,"15.0, 15.0","785.0, 785.0",Shared MultiHeuristic A*,True,0.3,1639.162723797663
62880,0.92216,"15.0, 15.0","785.0, 785.0",Shared MultiHeuristic A*,True,0.3,1779.114756068358
75470,1.19525,"15.0, 15.0","785.0, 785.0",Shared MultiHeuristic A*,True,0.3,1654.0056747473332
89475,1.54845,"15.0, 15.0","785.0, 785.0",Shared MultiHeuristic A*,True,0.3,1693.728795616848
53960,0.74169,"15.0, 15.0","785.0, 785.0",Shared MultiHeuristic A*,True,0.3,1731.2460439206177
83175,1.38516,"15.0, 15.0","785.0, 785.0",Shared MultiHeuristic A*,True,0.3,1653.6143146841262
54325,0.74720,"15.0, 15.0","785.0, 785.0",Shared MultiHeuristic A*,True,0.3,1735.0010469419399
82465,1.36741,"15.0, 15.0","785.0, 785.0",Shared MultiHeuristic A*,True,0.3,1654.7679162204142
82270,1.35821,"15.0, 15.0","785.0, 785.0",Shared MultiHeuristic A*,True,0.3,1649.4163941322026
80470,1.32438,"15.0, 15.0","785.0, 785.0",Shared MultiHeuristic A*,True,0.3,1689.3687205580684
58420,0.81456,"15.0, 15.0","785.0, 785.0",Shared MultiHeuristic A*,True,0.3,1733.3278958310075
77540,1.25718,"15.0, 15.0","785.0, 785.0",Shared MultiHeuristic A*,True,0.3,1653.5651013468055
6070,0.05805,"15.0, 15.0","785.0, 785.0",Shared MultiHeuristic Greedy Best First Search,True,0.3,3460322.7734504817
6070,0.05805,"15.0, 15.0","785.0, 785.0",Shared MultiHeuristic Greedy Best First Search,True,0.3,3454743.620006562
6070,0.05810,"15.0, 15.0","785.0, 785.0",Shared MultiHeuristic Greedy Best First Search,True,0.3,3345494.9239660637
6070,0.06705,"15.0, 15.0","785.0, 785.0",Shared MultiHeuristic Greedy Best First Search,True,0.3,3382641.3347444264
6070,0.05805,"15.0, 15.0","785.0, 785.0",Shared MultiHeuristic Greedy Best First Search,True,0.3,3394611.427724462
6070,0.05905,"15.0, 15.0","785.0, 785.0",Shared MultiHeuristic Greedy Best First Search,True,0.3,3411787.1287132623
6070,0.05806,"15.0, 15.0","785.0, 785.0",Shared MultiHeuristic Greedy Best First Search,True,0.3,3443643.6829329114
6070,0.05805,"15.0, 15.0","785.0, 785.0",Shared MultiHeuristic Greedy Best First Search,True,0.3,3430839.407755551
6070,0.05905,"15.0, 15.0","785.0, 785.0",Shared MultiHeuristic Greedy Best First Search,True,0.3,3515893.082383309
6070,0.05905,"15.0, 15.0","785.0, 785.0",Shared MultiHeuristic Greedy Best First Search,True,0.3,3327966.4405551516
6070,0.05805,"15.0, 15.0","785.0, 785.0",Shared MultiHeuristic Greedy Best First Search,True,0.3,3392692.944964844
6070,0.06005,"15.0, 15.0","785.0, 785.0",Shared MultiHeuristic Greedy Best First Search,True,0.3,3440693.845174369
6070,0.05804,"15.0, 15.0","785.0, 785.0",Shared MultiHeuristic Greedy Best First Search,True,0.3,3354170.9838902056
6070,0.05805,"15.0, 15.0","785.0, 785.0",Shared MultiHeuristic Greedy Best First Search,True,0.3,3448037.2910614028
6070,0.05805,"15.0, 15.0","785.0, 785.0",Shared MultiHeuristic Greedy Best First Search,True,0.3,3444562.534858248
6070,0.05805,"15.0, 15.0","785.0, 785.0",Shared MultiHeuristic Greedy Best First Search,True,0.3,3356262.054433488
6070,0.05804,"15.0, 15.0","785.0, 785.0",Shared MultiHeuristic Greedy Best First Search,True,0.3,3395440.2921815147
6070,0.05811,"15.0, 15.0","785.0, 785.0",Shared MultiHeuristic Greedy Best First Search,True,0.3,3441210.004304769
6070,0.05805,"15.0, 15.0","785.0, 785.0",Shared MultiHeuristic Greedy Best First Search,True,0.3,3340108.497455808
6070,0.05905,"15.0, 15.0","785.0, 785.0",Shared MultiHeuristic Greedy Best First Search,True,0.3,3547405.3081830344
6070,0.05806,"15.0, 15.0","785.0, 785.0",Shared MultiHeuristic Greedy Best First Search,True,0.3,3430639.1046028566
6070,0.05805,"15.0, 15.0","785.0, 785.0",Shared MultiHeuristic Greedy Best First Search,True,0.3,3394376.100291653
6070,0.05805,"15.0, 15.0","785.0, 785.0",Shared MultiHeuristic Greedy Best First Search,True,0.3,3508622.5504972516
6070,0.05905,"15.0, 15.0","785.0, 785.0",Shared MultiHeuristic Greedy Best First Search,True,0.3,3404711.465718816
6070,0.05805,"15.0, 15.0","785.0, 785.0",Shared MultiHeuristic Greedy Best First Search,True,0.3,3466808.4559040647
6070,0.05805,"15.0, 15.0","785.0, 785.0",Shared MultiHeuristic Greedy Best First Search,True,0.3,3519505.9481759127
6070,0.05905,"15.0, 15.0","785.0, 785.0",Shared MultiHeuristic Greedy Best First Search,True,0.3,3392731.7245893693
6070,0.05806,"15.0, 15.0","785.0, 785.0",Shared MultiHeuristic Greedy Best First Search,True,0.3,3529938.4022283605
6070,0.05905,"15.0, 15.0","785.0, 785.0",Shared MultiHeuristic Greedy Best First Search,True,0.3,3466677.8925367286
6070,0.05906,"15.0, 15.0","785.0, 785.0",Shared MultiHeuristic Greedy Best First Search,True,0.3,3502525.125104375
6070,0.05905,"15.0, 15.0","785.0, 785.0",Shared MultiHeuristic Greedy Best First Search,True,0.3,3462440.208077041
6070,0.05805,"15.0, 15.0","785.0, 785.0",Shared MultiHeuristic Greedy Best First Search,True,0.3,3394371.514913524
6070,0.05805,"15.0, 15.0","785.0, 785.0",Shared MultiHeuristic Greedy Best First Search,True,0.3,3491890.743787748
6070,0.05805,"15.0, 15.0","785.0, 785.0",Shared MultiHeuristic Greedy Best First Search,True,0.3,3416184.8126208843
6070,0.05906,"15.0, 15.0","785.0, 785.0",Shared MultiHeuristic Greedy Best First Search,True,0.3,3396402.6024748543
6070,0.05858,"15.0, 15.0","785.0, 785.0",Shared MultiHeuristic Greedy Best First Search,True,0.3,3343791.827147355
6070,0.05805,"15.0, 15.0","785.0, 785.0",Shared MultiHeuristic Greedy Best First Search,True,0.3,3422487.9660021686
6070,0.05805,"15.0, 15.0","785.0, 785.0",Shared MultiHeuristic Greedy Best First Search,True,0.3,3477665.7769809584
6070,0.05806,"15.0, 15.0","785.0, 785.0",Shared MultiHeuristic Greedy Best First Search,True,0.3,3339620.786640569
6070,0.05905,"15.0, 15.0","785.0, 785.0",Shared MultiHeuristic Greedy Best First Search,True,0.3,3452588.8902211715
6070,0.05805,"15.0, 15.0","785.0, 785.0",Shared MultiHeuristic Greedy Best First Search,True,0.3,3458049.9420944764
6070,0.05905,"15.0, 15.0","785.0, 785.0",Shared MultiHeuristic Greedy Best First Search,True,0.3,3421329.045699738
6070,0.06206,"15.0, 15.0","785.0, 785.0",Shared MultiHeuristic Greedy Best First Search,True,0.3,3483447.411069789
6070,0.05905,"15.0, 15.0","785.0, 785.0",Shared MultiHeuristic Greedy Best First Search,True,0.3,3445593.2731387704
6070,0.05905,"15.0, 15.0","785.0, 785.0",Shared MultiHeuristic Greedy Best First Search,True,0.3,3441056.4682978326
6070,0.05806,"15.0, 15.0","785.0, 785.0",Shared MultiHeuristic Greedy Best First Search,True,0.3,3404481.7945430465
6070,0.05805,"15.0, 15.0","785.0, 785.0",Shared MultiHeuristic Greedy Best First Search,True,0.3,3384176.7843537456
6070,0.05905,"15.0, 15.0","785.0, 785.0",Shared MultiHeuristic Greedy Best First Search,True,0.3,3537358.7153072925
6070,0.05805,"15.0, 15.0","785.0, 785.0",Shared MultiHeuristic Greedy Best First Search,True,0.3,3438331.075652831
6070,0.05905,"15.0, 15.0","785.0, 785.0",Shared MultiHeuristic Greedy Best First Search,True,0.3,3522168.981177721
6070,0.05805,"15.0, 15.0","785.0, 785.0",Shared MultiHeuristic Greedy Best First Search,True,0.3,3326413.6175298356
6070,0.05805,"15.0, 15.0","785.0, 785.0",Shared MultiHeuristic Greedy Best First Search,True,0.3,3434813.486124943
6070,0.05805,"15.0, 15.0","785.0, 785.0",Shared MultiHeuristic Greedy Best First Search,True,0.3,3561693.3173915492
6070,0.05905,"15.0, 15.0","785.0, 785.0",Shared MultiHeuristic Greedy Best First Search,True,0.3,3472699.2041366417
6070,0.05905,"15.0, 15.0","785.0, 785.0",Shared MultiHeuristic Greedy Best First Search,True,0.3,3433304.205971619
6070,0.05805,"15.0, 15.0","785.0, 785.0",Shared MultiHeuristic Greedy Best First Search,True,0.3,3381099.5915881717
6070,0.05736,"15.0, 15.0","785.0, 785.0",Shared MultiHeuristic Greedy Best First Search,True,0.3,3474975.1573311593
6070,0.05906,"15.0, 15.0","785.0, 785.0",Shared MultiHeuristic Greedy Best First Search,True,0.3,3412092.7120975535
6070,0.05704,"15.0, 15.0","785.0, 785.0",Shared MultiHeuristic Greedy Best First Search,True,0.3,3448006.0992397727
6070,0.05805,"15.0, 15.0","785.0, 785.0",Shared MultiHeuristic Greedy Best First Search,True,0.3,3461191.0099457907
6070,0.05805,"15.0, 15.0","785.0, 785.0",Shared MultiHeuristic Greedy Best First Search,True,0.3,3423484.9590463256
6070,0.05805,"15.0, 15.0","785.0, 785.0",Shared MultiHeuristic Greedy Best First Search,True,0.3,3535577.366230603
6070,0.05905,"15.0, 15.0","785.0, 785.0",Shared MultiHeuristic Greedy Best First Search,True,0.3,3313762.849230192
6070,0.06506,"15.0, 15.0","785.0, 785.0",Shared MultiHeuristic Greedy Best First Search,True,0.3,3387219.4418795877
6070,0.05805,"15.0, 15.0","785.0, 785.0",Shared MultiHeuristic Greedy Best First Search,True,0.3,3392487.1761974804
6070,0.05806,"15.0, 15.0","785.0, 785.0",Shared MultiHeuristic Greedy Best First Search,True,0.3,3556356.041643255
6070,0.05805,"15.0, 15.0","785.0, 785.0",Shared MultiHeuristic Greedy Best First Search,True,0.3,3463351.9490230037
6070,0.05905,"15.0, 15.0","785.0, 785.0",Shared MultiHeuristic Greedy Best First Search,True,0.3,3386497.05955069
6070,0.05805,"15.0, 15.0","785.0, 785.0",Shared MultiHeuristic Greedy Best First Search,True,0.3,3379183.5376207493
6070,0.05805,"15.0, 15.0","785.0, 785.0",Shared MultiHeuristic Greedy Best First Search,True,0.3,3397242.869744491
6070,0.05805,"15.0, 15.0","785.0, 785.0",Shared MultiHeuristic Greedy Best First Search,True,0.3,3371943.9406451066
6070,0.05805,"15.0, 15.0","785.0, 785.0",Shared MultiHeuristic Greedy Best First Search,True,0.3,3482364.8090449367
6070,0.05905,"15.0, 15.0","785.0, 785.0",Shared MultiHeuristic Greedy Best First Search,True,0.3,3513955.07788268
6070,0.06005,"15.0, 15.0","785.0, 785.0",Shared MultiHeuristic Greedy Best First Search,True,0.3,3306543.869808411
6070,0.05805,"15.0, 15.0","785.0, 785.0",Shared MultiHeuristic Greedy Best First Search,True,0.3,3328540.8210022165
6070,0.05805,"15.0, 15.0","785.0, 785.0",Shared MultiHeuristic Greedy Best First Search,True,0.3,3504079.694931437
6070,0.05757,"15.0, 15.0","785.0, 785.0",Shared MultiHeuristic Greedy Best First Search,True,0.3,3370773.5873599392
6070,0.05805,"15.0, 15.0","785.0, 785.0",Shared MultiHeuristic Greedy Best First Search,True,0.3,3431885.8062899136
6070,0.05905,"15.0, 15.0","785.0, 785.0",Shared MultiHeuristic Greedy Best First Search,True,0.3,3299015.8527324065
6070,0.05805,"15.0, 15.0","785.0, 785.0",Shared MultiHeuristic Greedy Best First Search,True,0.3,3482120.052521374
6070,0.05805,"15.0, 15.0","785.0, 785.0",Shared MultiHeuristic Greedy Best First Search,True,0.3,3406467.299146785
6070,0.06005,"15.0, 15.0","785.0, 785.0",Shared MultiHeuristic Greedy Best First Search,True,0.3,3321878.75627018
6070,0.05706,"15.0, 15.0","785.0, 785.0",Shared MultiHeuristic Greedy Best First Search,True,0.3,3481356.2768382947
6070,0.05805,"15.0, 15.0","785.0, 785.0",Shared MultiHeuristic Greedy Best First Search,True,0.3,3497067.564784409
6070,0.06005,"15.0, 15.0","785.0, 785.0",Shared MultiHeuristic Greedy Best First Search,True,0.3,3420564.978752562
6070,0.05805,"15.0, 15.0","785.0, 785.0",Shared MultiHeuristic Greedy Best First Search,True,0.3,3303061.429048241
6070,0.05805,"15.0, 15.0","785.0, 785.0",Shared MultiHeuristic Greedy Best First Search,True,0.3,3402716.9377996717
6070,0.06005,"15.0, 15.0","785.0, 785.0",Shared MultiHeuristic Greedy Best First Search,True,0.3,3396999.7180412514
6070,0.05705,"15.0, 15.0","785.0, 785.0",Shared MultiHeuristic Greedy Best First Search,True,0.3,3419025.2589586815
6070,0.05706,"15.0, 15.0","785.0, 785.0",Shared MultiHeuristic Greedy Best First Search,True,0.3,3359879.893980827
6070,0.05705,"15.0, 15.0","785.0, 785.0",Shared MultiHeuristic Greedy Best First Search,True,0.3,3391891.760368781
6070,0.05805,"15.0, 15.0","785.0, 785.0",Shared MultiHeuristic Greedy Best First Search,True,0.3,3485229.0822428567
6070,0.05805,"15.0, 15.0","785.0, 785.0",Shared MultiHeuristic Greedy Best First Search,True,0.3,3495029.9472902436
6070,0.05805,"15.0, 15.0","785.0, 785.0",Shared MultiHeuristic Greedy Best First Search,True,0.3,3366574.6984095024
6070,0.05905,"15.0, 15.0","785.0, 785.0",Shared MultiHeuristic Greedy Best First Search,True,0.3,3445655.075083228
6070,0.05805,"15.0, 15.0","785.0, 785.0",Shared MultiHeuristic Greedy Best First Search,True,0.3,3260275.577432605
6070,0.05805,"15.0, 15.0","785.0, 785.0",Shared MultiHeuristic Greedy Best First Search,True,0.3,3344654.7907552645
6070,0.05757,"15.0, 15.0","785.0, 785.0",Shared MultiHeuristic Greedy Best First Search,True,0.3,3492968.829346438
6070,0.05805,"15.0, 15.0","785.0, 785.0",Shared MultiHeuristic Greedy Best First Search,True,0.3,3450101.8127789753
6070,0.05705,"15.0, 15.0","785.0, 785.0",Shared MultiHeuristic Greedy Best First Search,True,0.3,3232487.778954829
611,0.01902,"15.0, 15.0","785.0, 785.0",Individual Greedy DTS,True,0.3,5013816.2630095985
747,0.02302,"15.0, 15.0","785.0, 785.0",Individual Greedy DTS,True,0.3,5107771.063443938
663,0.02002,"15.0, 15.0","785.0, 785.0",Individual Greedy DTS,True,0.3,5073825.881230738
663,0.02002,"15.0, 15.0","785.0, 785.0",Individual Greedy DTS,True,0.3,5012492.038560591
663,0.02102,"15.0, 15.0","785.0, 785.0",Individual Greedy DTS,True,0.3,5014666.607518425
663,0.02002,"15.0, 15.0","785.0, 785.0",Individual Greedy DTS,True,0.3,5106801.992998524
663,0.02001,"15.0, 15.0","785.0, 785.0",Individual Greedy DTS,True,0.3,5047249.024252455
663,0.02002,"15.0, 15.0","785.0, 785.0",Individual Greedy DTS,True,0.3,5154509.674566379
663,0.02002,"15.0, 15.0","785.0, 785.0",Individual Greedy DTS,True,0.3,5113471.381970619
663,0.02002,"15.0, 15.0","785.0, 785.0",Individual Greedy DTS,True,0.3,5032676.871112193
663,0.02103,"15.0, 15.0","785.0, 785.0",Individual Greedy DTS,True,0.3,5025986.499640654
663,0.01954,"15.0, 15.0","785.0, 785.0",Individual Greedy DTS,True,0.3,5166964.062596188
663,0.02002,"15.0, 15.0","785.0, 785.0",Individual Greedy DTS,True,0.3,4985698.576092601
663,0.02001,"15.0, 15.0","785.0, 785.0",Individual Greedy DTS,True,0.3,4984313.335837282
663,0.02002,"15.0, 15.0","785.0, 785.0",Individual Greedy DTS,True,0.3,4933117.157821679
663,0.01902,"15.0, 15.0","785.0, 785.0",Individual Greedy DTS,True,0.3,5144542.274734519
663,0.02002,"15.0, 15.0","785.0, 785.0",Individual Greedy DTS,True,0.3,5093628.267949047
663,0.02002,"15.0, 15.0","785.0, 785.0",Individual Greedy DTS,True,0.3,5244247.569721342
663,0.01902,"15.0, 15.0","785.0, 785.0",Individual Greedy DTS,True,0.3,5027600.105837805
663,0.02001,"15.0, 15.0","785.0, 785.0",Individual Greedy DTS,True,0.3,5116440.659323703
663,0.02002,"15.0, 15.0","785.0, 785.0",Individual Greedy DTS,True,0.3,5097110.318952743
663,0.02002,"15.0, 15.0","785.0, 785.0",Individual Greedy DTS,True,0.3,5059355.335550279
663,0.02002,"15.0, 15.0","785.0, 785.0",Individual Greedy DTS,True,0.3,5010635.503445526
663,0.02002,"15.0, 15.0","785.0, 785.0",Individual Greedy DTS,True,0.3,5073171.562228144
663,0.02002,"15.0, 15.0","785.0, 785.0",Individual Greedy DTS,True,0.3,5175768.577084753
663,0.02003,"15.0, 15.0","785.0, 785.0",Individual Greedy DTS,True,0.3,4913331.441801869
663,0.02002,"15.0, 15.0","785.0, 785.0",Individual Greedy DTS,True,0.3,5101124.603130811
663,0.01995,"15.0, 15.0","785.0, 785.0",Individual Greedy DTS,True,0.3,5109938.428373204
663,0.02002,"15.0, 15.0","785.0, 785.0",Individual Greedy DTS,True,0.3,5060557.078239283
663,0.02002,"15.0, 15.0","785.0, 785.0",Individual Greedy DTS,True,0.3,5183331.861340076
663,0.02002,"15.0, 15.0","785.0, 785.0",Individual Greedy DTS,True,0.3,5055018.433591639
663,0.02048,"15.0, 15.0","785.0, 785.0",Individual Greedy DTS,True,0.3,5058134.633519527
663,0.02102,"15.0, 15.0","785.0, 785.0",Individual Greedy DTS,True,0.3,5258065.493690342
663,0.02002,"15.0, 15.0","785.0, 785.0",Individual Greedy DTS,True,0.3,5156884.46777097
663,0.02002,"15.0, 15.0","785.0, 785.0",Individual Greedy DTS,True,0.3,5131607.126508657
663,0.02002,"15.0, 15.0","785.0, 785.0",Individual Greedy DTS,True,0.3,5185782.331122502
663,0.02003,"15.0, 15.0","785.0, 785.0",Individual Greedy DTS,True,0.3,5021638.403341819
663,0.02101,"15.0, 15.0","785.0, 785.0",Individual Greedy DTS,True,0.3,5232148.472218772
663,0.02002,"15.0, 15.0","785.0, 785.0",Individual Greedy DTS,True,0.3,5151267.137069982
663,0.02002,"15.0, 15.0","785.0, 785.0",Individual Greedy DTS,True,0.3,5189412.2912082225
663,0.02001,"15.0, 15.0","785.0, 785.0",Individual Greedy DTS,True,0.3,5148640.9672388155
663,0.02002,"15.0, 15.0","785.0, 785.0",Individual Greedy DTS,True,0.3,5159637.841899718
663,0.01902,"15.0, 15.0","785.0, 785.0",Individual Greedy DTS,True,0.3,5080840.207074033
663,0.02002,"15.0, 15.0","785.0, 785.0",Individual Greedy DTS,True,0.3,5324533.514178399
663,0.02003,"15.0, 15.0","785.0, 785.0",Individual Greedy DTS,True,0.3,5080820.633656486
663,0.02002,"15.0, 15.0","785.0, 785.0",Individual Greedy DTS,True,0.3,5212889.177738698
663,0.02002,"15.0, 15.0","785.0, 785.0",Individual Greedy DTS,True,0.3,5059563.718772097
663,0.02002,"15.0, 15.0","785.0, 785.0",Individual Greedy DTS,True,0.3,5166148.267330758
663,0.02002,"15.0, 15.0","785.0, 785.0",Individual Greedy DTS,True,0.3,5134341.2250797395
663,0.02002,"15.0, 15.0","785.0, 785.0",Individual Greedy DTS,True,0.3,4897769.230317254
663,0.02002,"15.0, 15.0","785.0, 785.0",Individual Greedy DTS,True,0.3,5122885.509628005
663,0.01902,"15.0, 15.0","785.0, 785.0",Individual Greedy DTS,True,0.3,5142528.872060142
663,0.02001,"15.0, 15.0","785.0, 785.0",Individual Greedy DTS,True,0.3,5162783.860379814
663,0.01902,"15.0, 15.0","785.0, 785.0",Individual Greedy DTS,True,0.3,5155760.768417832
663,0.02002,"15.0, 15.0","785.0, 785.0",Individual Greedy DTS,True,0.3,5173258.825400773
663,0.02101,"15.0, 15.0","785.0, 785.0",Individual Greedy DTS,True,0.3,5083173.586492071
663,0.02102,"15.0, 15.0","785.0, 785.0",Individual Greedy DTS,True,0.3,5144625.952689669
663,0.02102,"15.0, 15.0","785.0, 785.0",Individual Greedy DTS,True,0.3,5318211.494584762
663,0.02002,"15.0, 15.0","785.0, 785.0",Individual Greedy DTS,True,0.3,5075734.785550414
663,0.02002,"15.0, 15.0","785.0, 785.0",Individual Greedy DTS,True,0.3,4935806.14354453
663,0.01954,"15.0, 15.0","785.0, 785.0",Individual Greedy DTS,True,0.3,5318255.978364661
663,0.02002,"15.0, 15.0","785.0, 785.0",Individual Greedy DTS,True,0.3,5223043.424110405
663,0.01954,"15.0, 15.0","785.0, 785.0",Individual Greedy DTS,True,0.3,5005336.700062538
663,0.02002,"15.0, 15.0","785.0, 785.0",Individual Greedy DTS,True,0.3,5094071.975217755
663,0.02003,"15.0, 15.0","785.0, 785.0",Individual Greedy DTS,True,0.3,5183023.269645906
663,0.02102,"15.0, 15.0","785.0, 785.0",Individual Greedy DTS,True,0.3,5012025.721351088
663,0.01902,"15.0, 15.0","785.0, 785.0",Individual Greedy DTS,True,0.3,5064373.756039901
663,0.02002,"15.0, 15.0","785.0, 785.0",Individual Greedy DTS,True,0.3,5178284.499248339
663,0.02002,"15.0, 15.0","785.0, 785.0",Individual Greedy DTS,True,0.3,5181590.520718981
663,0.02003,"15.0, 15.0","785.0, 785.0",Individual Greedy DTS,True,0.3,5294473.286702313
663,0.02002,"15.0, 15.0","785.0, 785.0",Individual Greedy DTS,True,0.3,5222758.56481124
663,0.02054,"15.0, 15.0","785.0, 785.0",Individual Greedy DTS,True,0.3,5131399.827540471
663,0.02002,"15.0, 15.0","785.0, 785.0",Individual Greedy DTS,True,0.3,5066857.792855878
663,0.02002,"15.0, 15.0","785.0, 785.0",Individual Greedy DTS,True,0.3,5154973.709728574
663,0.02002,"15.0, 15.0","785.0, 785.0",Individual Greedy DTS,True,0.3,5292371.757518417
663,0.02002,"15.0, 15.0","785.0, 785.0",Individual Greedy DTS,True,0.3,5204911.298763909
663,0.02002,"15.0, 15.0","785.0, 785.0",Individual Greedy DTS,True,0.3,5135205.461842743
663,0.02002,"15.0, 15.0","785.0, 785.0",Individual Greedy DTS,True,0.3,5044556.981306743
663,0.02002,"15.0, 15.0","785.0, 785.0",Individual Greedy DTS,True,0.3,5172230.231283808
663,0.02002,"15.0, 15.0","785.0, 785.0",Individual Greedy DTS,True,0.3,5130789.020547467
663,0.02102,"15.0, 15.0","785.0, 785.0",Individual Greedy DTS,True,0.3,5178517.100070509
663,0.02002,"15.0, 15.0","785.0, 785.0",Individual Greedy DTS,True,0.3,5009848.482713545
663,0.01985,"15.0, 15.0","785.0, 785.0",Individual Greedy DTS,True,0.3,5098956.019865357
663,0.02002,"15.0, 15.0","785.0, 785.0",Individual Greedy DTS,True,0.3,4978822.197701116
663,0.02002,"15.0, 15.0","785.0, 785.0",Individual Greedy DTS,True,0.3,5016497.60418778
663,0.02102,"15.0, 15.0","785.0, 785.0",Individual Greedy DTS,True,0.3,5099317.963522348
663,0.02002,"15.0, 15.0","785.0, 785.0",Individual Greedy DTS,True,0.3,5050512.204716448
663,0.02003,"15.0, 15.0","785.0, 785.0",Individual Greedy DTS,True,0.3,5105787.931219429
663,0.02002,"15.0, 15.0","785.0, 785.0",Individual Greedy DTS,True,0.3,5147763.437091876
663,0.02002,"15.0, 15.0","785.0, 785.0",Individual Greedy DTS,True,0.3,5238579.041147005
663,0.02002,"15.0, 15.0","785.0, 785.0",Individual Greedy DTS,True,0.3,5113552.3443421805
663,0.02102,"15.0, 15.0","785.0, 785.0",Individual Greedy DTS,True,0.3,5197628.394054008
663,0.02002,"15.0, 15.0","785.0, 785.0",Individual Greedy DTS,True,0.3,5276591.814243525
663,0.02102,"15.0, 15.0","785.0, 785.0",Individual Greedy DTS,True,0.3,5031095.0799135165
663,0.02002,"15.0, 15.0","785.0, 785.0",Individual Greedy DTS,True,0.3,5176723.025243286
663,0.02002,"15.0, 15.0","785.0, 785.0",Individual Greedy DTS,True,0.3,5168986.505223732
663,0.02002,"15.0, 15.0","785.0, 785.0",Individual Greedy DTS,True,0.3,5225217.231459553
663,0.02002,"15.0, 15.0","785.0, 785.0",Individual Greedy DTS,True,0.3,5236695.826696917
663,0.02002,"15.0, 15.0","785.0, 785.0",Individual Greedy DTS,True,0.3,5189971.12279289
663,0.02002,"15.0, 15.0","785.0, 785.0",Individual Greedy DTS,True,0.3,5253178.091071944
10408,0.63215,"15.0, 15.0","785.0, 785.0",Individual A* DTS,True,0.3,2070.6651691002007
8455,0.47134,"15.0, 15.0","785.0, 785.0",Individual A* DTS,True,0.3,2038.128988446979
7675,0.41237,"15.0, 15.0","785.0, 785.0",Individual A* DTS,True,0.3,2496.0198892148637
12181,0.79372,"15.0, 15.0","785.0, 785.0",Individual A* DTS,True,0.3,2674.8128159161333
11041,0.69663,"15.0, 15.0","785.0, 785.0",Individual A* DTS,True,0.3,2402.0721954725827
8642,0.49045,"15.0, 15.0","785.0, 785.0",Individual A* DTS,True,0.3,2434.2761544780997
9671,0.57388,"15.0, 15.0","785.0, 785.0",Individual A* DTS,True,0.3,2113.507663801356
14094,1.00043,"15.0, 15.0","785.0, 785.0",Individual A* DTS,True,0.3,2234.995237162054
7674,0.43231,"15.0, 15.0","785.0, 785.0",Individual A* DTS,True,0.3,2495.084942271164
12734,0.88168,"15.0, 15.0","785.0, 785.0",Individual A* DTS,True,0.3,2184.2087305104515
9116,0.55549,"15.0, 15.0","785.0, 785.0",Individual A* DTS,True,0.3,2302.746566305763
7545,0.40786,"15.0, 15.0","785.0, 785.0",Individual A* DTS,True,0.3,2229.434331318447
11141,0.73267,"15.0, 15.0","785.0, 785.0",Individual A* DTS,True,0.3,2299.6387951457486
8196,0.44704,"15.0, 15.0","785.0, 785.0",Individual A* DTS,True,0.3,2109.0306737010233
10471,0.65359,"15.0, 15.0","785.0, 785.0",Individual A* DTS,True,0.3,2058.1485933229183
11977,0.80173,"15.0, 15.0","785.0, 785.0",Individual A* DTS,True,0.3,2415.9509830422326
11556,0.73667,"15.0, 15.0","785.0, 785.0",Individual A* DTS,True,0.3,2409.2074028447837
12107,0.78472,"15.0, 15.0","785.0, 785.0",Individual A* DTS,True,0.3,2230.3033180059333
11522,0.73768,"15.0, 15.0","785.0, 785.0",Individual A* DTS,True,0.3,2259.8002552548046
12179,0.79140,"15.0, 15.0","785.0, 785.0",Individual A* DTS,True,0.3,2137.623975458834
9258,0.53148,"15.0, 15.0","785.0, 785.0",Individual A* DTS,True,0.3,1998.6990384315934
13852,0.97810,"15.0, 15.0","785.0, 785.0",Individual A* DTS,True,0.3,2197.0512555410182
11756,0.76632,"15.0, 15.0","785.0, 785.0",Individual A* DTS,True,0.3,2263.4267917280554
11353,0.72519,"15.0, 15.0","785.0, 785.0",Individual A* DTS,True,0.3,2180.4800046756254
10069,0.61008,"15.0, 15.0","785.0, 785.0",Individual A* DTS,True,0.3,2297.175635153352
9633,0.56651,"15.0, 15.0","785.0, 785.0",Individual A* DTS,True,0.3,2336.9618122323945
12228,0.80425,"15.0, 15.0","785.0, 785.0",Individual A* DTS,True,0.3,2281.2992319126006
11508,0.74066,"15.0, 15.0","785.0, 785.0",Individual A* DTS,True,0.3,2178.64812329822
13856,0.98947,"15.0, 15.0","785.0, 785.0",Individual A* DTS,True,0.3,2185.520410314628
8965,0.51199,"15.0, 15.0","785.0, 785.0",Individual A* DTS,True,0.3,2209.749600135499
12669,0.86079,"15.0, 15.0","785.0, 785.0",Individual A* DTS,True,0.3,2170.215859643417
11729,0.75603,"15.0, 15.0","785.0, 785.0",Individual A* DTS,True,0.3,2615.192759331213
10969,0.68513,"15.0, 15.0","785.0, 785.0",Individual A* DTS,True,0.3,2305.475525309726
12108,0.79521,"15.0, 15.0","785.0, 785.0",Individual A* DTS,True,0.3,2124.611572054134
13062,0.89815,"15.0, 15.0","785.0, 785.0",Individual A* DTS,True,0.3,2258.1021195654043
10467,0.64058,"15.0, 15.0","785.0, 785.0",Individual A* DTS,True,0.3,2134.5080122481204
11208,0.70613,"15.0, 15.0","785.0, 785.0",Individual A* DTS,True,0.3,2240.124254266047
11575,0.74069,"15.0, 15.0","785.0, 785.0",Individual A* DTS,True,0.3,2177.501862588624
11938,0.77824,"15.0, 15.0","785.0, 785.0",Individual A* DTS,True,0.3,2134.5266423341996
13014,0.88575,"15.0, 15.0","785.0, 785.0",Individual A* DTS,True,0.3,2163.0389206405716
14094,0.99821,"15.0, 15.0","785.0, 785.0",Individual A* DTS,True,0.3,2277.9721285447904
8972,0.51370,"15.0, 15.0","785.0, 785.0",Individual A* DTS,True,0.3,2493.244504943669
8398,0.46742,"15.0, 15.0","785.0, 785.0",Individual A* DTS,True,0.3,2236.7774777795357
11099,0.69767,"15.0, 15.0","785.0, 785.0",Individual A* DTS,True,0.3,2536.369870073065
13873,0.97341,"15.0, 15.0","785.0, 785.0",Individual A* DTS,True,0.3,2199.610484337909
14334,1.02994,"15.0, 15.0","785.0, 785.0",Individual A* DTS,True,0.3,2265.895234768403
12428,0.83728,"15.0, 15.0","785.0, 785.0",Individual A* DTS,True,0.3,2130.747199323515
10409,0.64758,"15.0, 15.0","785.0, 785.0",Individual A* DTS,True,0.3,2259.438533658842
7039,0.36634,"15.0, 15.0","785.0, 785.0",Individual A* DTS,True,0.3,2139.535052392379
10466,0.63611,"15.0, 15.0","785.0, 785.0",Individual A* DTS,True,0.3,2207.9164770531625
12424,0.82176,"15.0, 15.0","785.0, 785.0",Individual A* DTS,True,0.3,2307.536271505791
14657,1.05014,"15.0, 15.0","785.0, 785.0",Individual A* DTS,True,0.3,2280.6271921608345
11611,0.75004,"15.0, 15.0","785.0, 785.0",Individual A* DTS,True,0.3,2207.094140936179
13839,0.98712,"15.0, 15.0","785.0, 785.0",Individual A* DTS,True,0.3,2274.453464941588
9687,0.57352,"15.0, 15.0","785.0, 785.0",Individual A* DTS,True,0.3,2261.5208206662533
10128,0.61012,"15.0, 15.0","785.0, 785.0",Individual A* DTS,True,0.3,2089.2815139830604
8282,0.45641,"15.0, 15.0","785.0, 785.0",Individual A* DTS,True,0.3,2783.513801662185
15318,1.16705,"15.0, 15.0","785.0, 785.0",Individual A* DTS,True,0.3,2237.5534646885612
10607,0.65656,"15.0, 15.0","785.0, 785.0",Individual A* DTS,True,0.3,2102.6760305461817
10683,0.66387,"15.0, 15.0","785.0, 785.0",Individual A* DTS,True,0.3,2325.5918200948718
11895,0.77774,"15.0, 15.0","785.0, 785.0",Individual A* DTS,True,0.3,2191.458958613385
9937,0.59383,"15.0, 15.0","785.0, 785.0",Individual A* DTS,True,0.3,2296.468194213413
11579,0.74363,"15.0, 15.0","785.0, 785.0",Individual A* DTS,True,0.3,2078.5547550347887
9896,0.61356,"15.0, 15.0","785.0, 785.0",Individual A* DTS,True,0.3,2360.292524820501
7032,0.36633,"15.0, 15.0","785.0, 785.0",Individual A* DTS,True,0.3,2211.1652175935783
11176,0.70765,"15.0, 15.0","785.0, 785.0",Individual A* DTS,True,0.3,2495.6140526722124
12846,0.87031,"15.0, 15.0","785.0, 785.0",Individual A* DTS,True,0.3,2221.5721646261054
13335,0.91783,"15.0, 15.0","785.0, 785.0",Individual A* DTS,True,0.3,2164.1287585529303
6829,0.34932,"15.0, 15.0","785.0, 785.0",Individual A* DTS,True,0.3,2193.265306248862
13391,0.94386,"15.0, 15.0","785.0, 785.0",Individual A* DTS,True,0.3,2169.64751937405
12168,0.81077,"15.0, 15.0","785.0, 785.0",Individual A* DTS,True,0.3,2206.2373865261734
6745,0.34285,"15.0, 15.0","785.0, 785.0",Individual A* DTS,True,0.3,2319.736632025345
12463,0.82932,"15.0, 15.0","785.0, 785.0",Individual A* DTS,True,0.3,2141.228401381239
10335,0.62658,"15.0, 15.0","785.0, 785.0",Individual A* DTS,True,0.3,2109.6780785267756
11343,0.73061,"15.0, 15.0","785.0, 785.0",Individual A* DTS,True,0.3,2132.1802153016606
12537,0.84004,"15.0, 15.0","785.0, 785.0",Individual A* DTS,True,0.3,2233.9649592152873
8868,0.49947,"15.0, 15.0","785.0, 785.0",Individual A* DTS,True,0.3,2103.9972583950625
7328,0.38835,"15.0, 15.0","785.0, 785.0",Individual A* DTS,True,0.3,2291.8983707375874
11098,0.69868,"15.0, 15.0","785.0, 785.0",Individual A* DTS,True,0.3,2089.099042912411
10421,0.64261,"15.0, 15.0","785.0, 785.0",Individual A* DTS,True,0.3,2329.661159707348
8962,0.51469,"15.0, 15.0","785.0, 785.0",Individual A* DTS,True,0.3,2183.0184125993474
10478,0.64381,"15.0, 15.0","785.0, 785.0",Individual A* DTS,True,0.3,2433.2186651280967
10667,0.64966,"15.0, 15.0","785.0, 785.0",Individual A* DTS,True,0.3,2114.8395453760327
12296,0.81476,"15.0, 15.0","785.0, 785.0",Individual A* DTS,True,0.3,2351.138006274137
7947,0.42730,"15.0, 15.0","785.0, 785.0",Individual A* DTS,True,0.3,2171.3089109514576
12102,0.79328,"15.0, 15.0","785.0, 785.0",Individual A* DTS,True,0.3,2150.8924146719924
13780,0.98161,"15.0, 15.0","785.0, 785.0",Individual A* DTS,True,0.3,2219.7198908913697
9493,0.56051,"15.0, 15.0","785.0, 785.0",Individual A* DTS,True,0.3,2328.3752497098153
11580,0.74369,"15.0, 15.0","785.0, 785.0",Individual A* DTS,True,0.3,2124.804820992382
7597,0.40837,"15.0, 15.0","785.0, 785.0",Individual A* DTS,True,0.3,2344.1237614318607
8308,0.46146,"15.0, 15.0","785.0, 785.0",Individual A* DTS,True,0.3,2138.605883167429
11354,0.72666,"15.0, 15.0","785.0, 785.0",Individual A* DTS,True,0.3,2163.5568648233334
10515,0.67310,"15.0, 15.0","785.0, 785.0",Individual A* DTS,True,0.3,2445.6503468118126
8754,0.49999,"15.0, 15.0","785.0, 785.0",Individual A* DTS,True,0.3,2265.894939629487
11298,0.72669,"15.0, 15.0","785.0, 785.0",Individual A* DTS,True,0.3,2257.5779045591767
11667,0.75569,"15.0, 15.0","785.0, 785.0",Individual A* DTS,True,0.3,2267.040025160662
9461,0.55404,"15.0, 15.0","785.0, 785.0",Individual A* DTS,True,0.3,2214.5867330662795
13582,0.96886,"15.0, 15.0","785.0, 785.0",Individual A* DTS,True,0.3,2272.9218764230895
10663,0.67581,"15.0, 15.0","785.0, 785.0",Individual A* DTS,True,0.3,2116.0702982909365
10245,0.64559,"15.0, 15.0","785.0, 785.0",Individual A* DTS,True,0.3,2242.200469931371
5801,0.29827,"15.0, 15.0","785.0, 785.0",EISMHA,True,0.0,1691.390985743064
5911,0.30928,"15.0, 15.0","785.0, 785.0",EISMHA,True,0.0,1696.9967786460231
5813,0.29991,"15.0, 15.0","785.0, 785.0",EISMHA,True,0.0,1709.6175079089094
6950,0.38634,"15.0, 15.0","785.0, 785.0",EISMHA,True,0.0,1887.8539329001158
7190,0.40148,"15.0, 15.0","785.0, 785.0",EISMHA,True,0.0,1859.6018977995764
5840,0.30130,"15.0, 15.0","785.0, 785.0",EISMHA,True,0.0,1688.8426498413296
5905,0.30828,"15.0, 15.0","785.0, 785.0",EISMHA,True,0.0,1724.3673961122956
7562,0.42839,"15.0, 15.0","785.0, 785.0",EISMHA,True,0.0,1895.0278132055407
5811,0.30227,"15.0, 15.0","785.0, 785.0",EISMHA,True,0.0,1713.3239757751153
7003,0.38744,"15.0, 15.0","785.0, 785.0",EISMHA,True,0.0,1906.7273624450975
6628,0.36833,"15.0, 15.0","785.0, 785.0",EISMHA,True,0.0,1910.8547525529634
9956,0.62557,"15.0, 15.0","785.0, 785.0",EISMHA,True,0.0,1706.8046431113194
5802,0.29950,"15.0, 15.0","785.0, 785.0",EISMHA,True,0.0,1702.307962750323
5783,0.29983,"15.0, 15.0","785.0, 785.0",EISMHA,True,0.0,1728.0037489411832
6995,0.38917,"15.0, 15.0","785.0, 785.0",EISMHA,True,0.0,1868.5124547858657
7084,0.39680,"15.0, 15.0","785.0, 785.0",EISMHA,True,0.0,1920.8654930821112
6585,0.36035,"15.0, 15.0","785.0, 785.0",EISMHA,True,0.0,1898.955605697678
5858,0.30480,"15.0, 15.0","785.0, 785.0",EISMHA,True,0.0,1736.9942954281787
5915,0.30680,"15.0, 15.0","785.0, 785.0",EISMHA,True,0.0,1733.6029856625466
7962,0.46343,"15.0, 15.0","785.0, 785.0",EISMHA,True,0.0,1834.7383859014492
5819,0.31481,"15.0, 15.0","785.0, 785.0",EISMHA,True,0.0,1694.63418884809
6567,0.36133,"15.0, 15.0","785.0, 785.0",EISMHA,True,0.0,1870.2177134413412
6259,0.33330,"15.0, 15.0","785.0, 785.0",EISMHA,True,0.0,1642.8934596879576
7014,0.39588,"15.0, 15.0","785.0, 785.0",EISMHA,True,0.0,1880.1691010084382
6586,0.36433,"15.0, 15.0","785.0, 785.0",EISMHA,True,0.0,1872.2100791476516
6568,0.36530,"15.0, 15.0","785.0, 785.0",EISMHA,True,0.0,1876.023502861284
7675,0.44540,"15.0, 15.0","785.0, 785.0",EISMHA,True,0.0,1750.8287818626907
5900,0.31134,"15.0, 15.0","785.0, 785.0",EISMHA,True,0.0,1678.3842387273257
6546,0.35933,"15.0, 15.0","785.0, 785.0",EISMHA,True,0.0,1865.1073584613137
7584,0.43840,"15.0, 15.0","785.0, 785.0",EISMHA,True,0.0,1929.671100144703
9715,0.62271,"15.0, 15.0","785.0, 785.0",EISMHA,True,0.0,1696.874532408813
5912,0.31689,"15.0, 15.0","785.0, 785.0",EISMHA,True,0.0,1716.1349620298831
7174,0.40437,"15.0, 15.0","785.0, 785.0",EISMHA,True,0.0,1892.518329521356
6583,0.36433,"15.0, 15.0","785.0, 785.0",EISMHA,True,0.0,1873.140401794494
5947,0.31328,"15.0, 15.0","785.0, 785.0",EISMHA,True,0.0,1732.2918197157094
5809,0.30227,"15.0, 15.0","785.0, 785.0",EISMHA,True,0.0,1697.2843584013926
5825,0.30328,"15.0, 15.0","785.0, 785.0",EISMHA,True,0.0,1724.784070407954
7576,0.43640,"15.0, 15.0","785.0, 785.0",EISMHA,True,0.0,1903.6060927983508
5816,0.30129,"15.0, 15.0","785.0, 785.0",EISMHA,True,0.0,1669.0961703025328
7295,0.41237,"15.0, 15.0","785.0, 785.0",EISMHA,True,0.0,1860.0659390066774
10153,0.65410,"15.0, 15.0","785.0, 785.0",EISMHA,True,0.0,1734.0184649312544
7012,0.39540,"15.0, 15.0","785.0, 785.0",EISMHA,True,0.0,1930.1739638199845
6972,0.38736,"15.0, 15.0","785.0, 785.0",EISMHA,True,0.0,1875.2221329622723
5948,0.31128,"15.0, 15.0","785.0, 785.0",EISMHA,True,0.0,1730.4399186473324
5823,0.30305,"15.0, 15.0","785.0, 785.0",EISMHA,True,0.0,1716.7540975149197
5783,0.29798,"15.0, 15.0","785.0, 785.0",EISMHA,True,0.0,1717.2053131768646
5791,0.29911,"15.0, 15.0","785.0, 785.0",EISMHA,True,0.0,1688.8440553631497
7232,0.40801,"15.0, 15.0","785.0, 785.0",EISMHA,True,0.0,1897.7757418795593
7031,0.38989,"15.0, 15.0","785.0, 785.0",EISMHA,True,0.0,1921.6286528272399
6689,0.36456,"15.0, 15.0","785.0, 785.0",EISMHA,True,0.0,1787.2290020098412
5820,0.30579,"15.0, 15.0","785.0, 785.0",EISMHA,True,0.0,1679.355916932862
5810,0.30828,"15.0, 15.0","785.0, 785.0",EISMHA,True,0.0,1722.3677585773203
10130,0.64248,"15.0, 15.0","785.0, 785.0",EISMHA,True,0.0,1714.8729780461151
5819,0.30027,"15.0, 15.0","785.0, 785.0",EISMHA,True,0.0,1751.5668077066352
6589,0.35933,"15.0, 15.0","785.0, 785.0",EISMHA,True,0.0,1862.0497979375098
6335,0.34531,"15.0, 15.0","785.0, 785.0",EISMHA,True,0.0,1845.5724534592844
7031,0.39236,"15.0, 15.0","785.0, 785.0",EISMHA,True,0.0,1886.1399638755415
6977,0.38774,"15.0, 15.0","785.0, 785.0",EISMHA,True,0.0,1866.4165701846182
6978,0.39158,"15.0, 15.0","785.0, 785.0",EISMHA,True,0.0,1873.284242693394
6308,0.33430,"15.0, 15.0","785.0, 785.0",EISMHA,True,0.0,1701.6247628315975
5835,0.30328,"15.0, 15.0","785.0, 785.0",EISMHA,True,0.0,1744.4811586304018
5888,0.30728,"15.0, 15.0","785.0, 785.0",EISMHA,True,0.0,1692.241710328756
5813,0.31028,"15.0, 15.0","785.0, 785.0",EISMHA,True,0.0,1716.358329155536
7768,0.44945,"15.0, 15.0","785.0, 785.0",EISMHA,True,0.0,1886.1712668021385
5911,0.30928,"15.0, 15.0","785.0, 785.0",EISMHA,True,0.0,1719.4879246742607
6553,0.35933,"15.0, 15.0","785.0, 785.0",EISMHA,True,0.0,1898.8483463057548
6305,0.33589,"15.0, 15.0","785.0, 785.0",EISMHA,True,0.0,1675.8621059606703
6787,0.38040,"15.0, 15.0","785.0, 785.0",EISMHA,True,0.0,1853.2723970931218
5822,0.30627,"15.0, 15.0","785.0, 785.0",EISMHA,True,0.0,1748.117459903504
10125,0.64830,"15.0, 15.0","785.0, 785.0",EISMHA,True,0.0,1729.545709285157
5801,0.30082,"15.0, 15.0","785.0, 785.0",EISMHA,True,0.0,1698.9479972530507
5921,0.31128,"15.0, 15.0","785.0, 785.0",EISMHA,True,0.0,1733.9724098460463
5842,0.31127,"15.0, 15.0","785.0, 785.0",EISMHA,True,0.0,1702.245669422802
7738,0.44493,"15.0, 15.0","785.0, 785.0",EISMHA,True,0.0,1870.6089786611246
5930,0.31103,"15.0, 15.0","785.0, 785.0",EISMHA,True,0.0,1741.643741757764
10123,0.64659,"15.0, 15.0","785.0, 785.0",EISMHA,True,0.0,1689.5045398668713
5760,0.30428,"15.0, 15.0","785.0, 785.0",EISMHA,True,0.0,1677.325082916597
5806,0.30127,"15.0, 15.0","785.0, 785.0",EISMHA,True,0.0,1718.4280033521075
7590,0.43640,"15.0, 15.0","785.0, 785.0",EISMHA,True,0.0,1910.9582856983736
7092,0.40237,"15.0, 15.0","785.0, 785.0",EISMHA,True,0.0,1904.6330714448354
7598,0.43540,"15.0, 15.0","785.0, 785.0",EISMHA,True,0.0,1920.1554750874436
7858,0.46441,"15.0, 15.0","785.0, 785.0",EISMHA,True,0.0,1900.4626558621844
7021,0.39337,"15.0, 15.0","785.0, 785.0",EISMHA,True,0.0,1919.427227782252
5824,0.30528,"15.0, 15.0","785.0, 785.0",EISMHA,True,0.0,1713.4659985946764
7582,0.43640,"15.0, 15.0","785.0, 785.0",EISMHA,True,0.0,1916.8682770881971
7020,0.39436,"15.0, 15.0","785.0, 785.0",EISMHA,True,0.0,1903.390296292786
6993,0.38935,"15.0, 15.0","785.0, 785.0",EISMHA,True,0.0,1901.7261375830064
10158,0.64562,"15.0, 15.0","785.0, 785.0",EISMHA,True,0.0,1737.9412480322885
6988,0.38935,"15.0, 15.0","785.0, 785.0",EISMHA,True,0.0,1903.0261759988507
5924,0.30928,"15.0, 15.0","785.0, 785.0",EISMHA,True,0.0,1714.6522827538915
5784,0.30027,"15.0, 15.0","785.0, 785.0",EISMHA,True,0.0,1712.2704850602354
5919,0.32228,"15.0, 15.0","785.0, 785.0",EISMHA,True,0.0,1702.2117185108482
5807,0.30228,"15.0, 15.0","785.0, 785.0",EISMHA,True,0.0,1713.9650180273354
5926,0.31128,"15.0, 15.0","785.0, 785.0",EISMHA,True,0.0,1676.8659824754013
5928,0.31193,"15.0, 15.0","785.0, 785.0",EISMHA,True,0.0,1722.5370980379416
5807,0.29990,"15.0, 15.0","785.0, 785.0",EISMHA,True,0.0,1694.3012167430127
5804,0.30024,"15.0, 15.0","785.0, 785.0",EISMHA,True,0.0,1690.325614321526
6539,0.35996,"15.0, 15.0","785.0, 785.0",EISMHA,True,0.0,1844.006056144551
5890,0.30887,"15.0, 15.0","785.0, 785.0",EISMHA,True,0.0,1678.4451964696466
10048,0.63631,"15.0, 15.0","785.0, 785.0",EISMHA,True,0.0,1719.0713398479033
9912,0.65738,"15.0, 15.0","785.0, 785.0",EISMHA,True,0.25,2316.5442445887647
9180,0.60059,"15.0, 15.0","785.0, 785.0",EISMHA,True,0.25,1983.0590477331648
5302,0.28452,"15.0, 15.0","785.0, 785.0",EISMHA,True,0.25,1922.1735602457259
11221,0.79973,"15.0, 15.0","785.0, 785.0",EISMHA,True,0.25,2194.7867996294126
5607,0.30628,"15.0, 15.0","785.0, 785.0",EISMHA,True,0.25,2076.171005745805
5708,0.31829,"15.0, 15.0","785.0, 785.0",EISMHA,True,0.25,1953.5486128017237
6974,0.41298,"15.0, 15.0","785.0, 785.0",EISMHA,True,0.25,2000.1641793884748
7731,0.46843,"15.0, 15.0","785.0, 785.0",EISMHA,True,0.25,2204.335016951215
7069,0.41137,"15.0, 15.0","785.0, 785.0",EISMHA,True,0.25,1964.080775475735
7563,0.46095,"15.0, 15.0","785.0, 785.0",EISMHA,True,0.25,2191.7675295832796
12138,0.87431,"15.0, 15.0","785.0, 785.0",EISMHA,True,0.25,2299.5806151738348
7681,0.47742,"15.0, 15.0","785.0, 785.0",EISMHA,True,0.25,2169.053550103083
12257,0.90341,"15.0, 15.0","785.0, 785.0",EISMHA,True,0.25,2176.0877433018186
9686,0.62677,"15.0, 15.0","785.0, 785.0",EISMHA,True,0.25,2348.639318834392
8279,0.52394,"15.0, 15.0","785.0, 785.0",EISMHA,True,0.25,2132.1666939563306
7471,0.44440,"15.0, 15.0","785.0, 785.0",EISMHA,True,0.25,1985.5891598607639
5047,0.26878,"15.0, 15.0","785.0, 785.0",EISMHA,True,0.25,1956.625647708031
6999,0.40448,"15.0, 15.0","785.0, 785.0",EISMHA,True,0.25,2146.0838010566094
7909,0.50646,"15.0, 15.0","785.0, 785.0",EISMHA,True,0.25,2221.8763554616303
8568,0.53602,"15.0, 15.0","785.0, 785.0",EISMHA,True,0.25,2160.733414640294
9277,0.59106,"15.0, 15.0","785.0, 785.0",EISMHA,True,0.25,2239.8468316611384
7650,0.45641,"15.0, 15.0","785.0, 785.0",EISMHA,True,0.25,1974.5288182922961
8439,0.52223,"15.0, 15.0","785.0, 785.0",EISMHA,True,0.25,2193.918693193158
8563,0.54199,"15.0, 15.0","785.0, 785.0",EISMHA,True,0.25,1989.1149404349114
9526,0.61511,"15.0, 15.0","785.0, 785.0",EISMHA,True,0.25,2319.3639747955363
11333,0.81877,"15.0, 15.0","785.0, 785.0",EISMHA,True,0.25,2027.8889909102147
5610,0.30531,"15.0, 15.0","785.0, 785.0",EISMHA,True,0.25,1998.74929455276
6804,0.40529,"15.0, 15.0","785.0, 785.0",EISMHA,True,0.25,1940.0112170155196
15036,1.25724,"15.0, 15.0","785.0, 785.0",EISMHA,True,0.25,2275.9169368725743
9021,0.60455,"15.0, 15.0","785.0, 785.0",EISMHA,True,0.25,2071.516976369365
8140,0.52949,"15.0, 15.0","785.0, 785.0",EISMHA,True,0.25,1903.5089435162604
11949,0.89181,"15.0, 15.0","785.0, 785.0",EISMHA,True,0.25,2146.829300474152
8353,0.52449,"15.0, 15.0","785.0, 785.0",EISMHA,True,0.25,2091.9100294925147
9403,0.64459,"15.0, 15.0","785.0, 785.0",EISMHA,True,0.25,2022.8229790161868
7620,0.46292,"15.0, 15.0","785.0, 785.0",EISMHA,True,0.25,2071.483663584095
8665,0.56352,"15.0, 15.0","785.0, 785.0",EISMHA,True,0.25,2127.6207641929086
7788,0.48678,"15.0, 15.0","785.0, 785.0",EISMHA,True,0.25,2004.707544453863
10949,0.74654,"15.0, 15.0","785.0, 785.0",EISMHA,True,0.25,2271.5821313838856
9711,0.64962,"15.0, 15.0","785.0, 785.0",EISMHA,True,0.25,2099.721049826505
8299,0.51995,"15.0, 15.0","785.0, 785.0",EISMHA,True,0.25,2023.7702832706311
13251,0.98690,"15.0, 15.0","785.0, 785.0",EISMHA,True,0.25,2424.430843310921
7086,0.41490,"15.0, 15.0","785.0, 785.0",EISMHA,True,0.25,1936.8960556045602
8142,0.50745,"15.0, 15.0","785.0, 785.0",EISMHA,True,0.25,2178.25090493897
9091,0.58306,"15.0, 15.0","785.0, 785.0",EISMHA,True,0.25,2064.242121300083
9198,0.58753,"15.0, 15.0","785.0, 785.0",EISMHA,True,0.25,2104.97514134918
4860,0.25523,"15.0, 15.0","785.0, 785.0",EISMHA,True,0.25,1968.6283506557231
10804,0.73978,"15.0, 15.0","785.0, 785.0",EISMHA,True,0.25,2158.299276973946
8954,0.56914,"15.0, 15.0","785.0, 785.0",EISMHA,True,0.25,1963.5486360797863
8960,0.57429,"15.0, 15.0","785.0, 785.0",EISMHA,True,0.25,2038.0545934130669
7583,0.47000,"15.0, 15.0","785.0, 785.0",EISMHA,True,0.25,1992.9689689802442
5669,0.31128,"15.0, 15.0","785.0, 785.0",EISMHA,True,0.25,2060.3131437702077
10786,0.73397,"15.0, 15.0","785.0, 785.0",EISMHA,True,0.25,2267.7213815345895
8364,0.51100,"15.0, 15.0","785.0, 785.0",EISMHA,True,0.25,2369.5574776915278
9670,0.63510,"15.0, 15.0","785.0, 785.0",EISMHA,True,0.25,2047.9610088743918
12642,0.94336,"15.0, 15.0","785.0, 785.0",EISMHA,True,0.25,2103.2493032161165
6398,0.36185,"15.0, 15.0","785.0, 785.0",EISMHA,True,0.25,2051.2441924255345
10531,0.72200,"15.0, 15.0","785.0, 785.0",EISMHA,True,0.25,2097.125934716806
5047,0.25802,"15.0, 15.0","785.0, 785.0",EISMHA,True,0.25,1960.1536803828935
7498,0.42406,"15.0, 15.0","785.0, 785.0",EISMHA,True,0.25,2069.56450046881
9338,0.58701,"15.0, 15.0","785.0, 785.0",EISMHA,True,0.25,2012.8858333318765
7611,0.43439,"15.0, 15.0","785.0, 785.0",EISMHA,True,0.25,2094.796898460037
12498,0.86967,"15.0, 15.0","785.0, 785.0",EISMHA,True,0.25,2147.685495599782
11021,0.75819,"15.0, 15.0","785.0, 785.0",EISMHA,True,0.25,2083.8312304424735
10069,0.65097,"15.0, 15.0","785.0, 785.0",EISMHA,True,0.25,2217.867141370252
7755,0.45347,"15.0, 15.0","785.0, 785.0",EISMHA,True,0.25,2112.2203694967307
5187,0.26718,"15.0, 15.0","785.0, 785.0",EISMHA,True,0.25,2019.3429919283496
5260,0.27026,"15.0, 15.0","785.0, 785.0",EISMHA,True,0.25,1899.722414843264
10346,0.68572,"15.0, 15.0","785.0, 785.0",EISMHA,True,0.25,2155.3788387497925
14011,1.08176,"15.0, 15.0","785.0, 785.0",EISMHA,True,0.25,2243.1714027969942
7499,0.44139,"15.0, 15.0","785.0, 785.0",EISMHA,True,0.25,1892.748363853494
8618,0.52286,"15.0, 15.0","785.0, 785.0",EISMHA,True,0.25,2279.1139521690566
5557,0.28954,"15.0, 15.0","785.0, 785.0",EISMHA,True,0.25,1866.524980936549
7685,0.44641,"15.0, 15.0","785.0, 785.0",EISMHA,True,0.25,2189.094708254935
9167,0.55900,"15.0, 15.0","785.0, 785.0",EISMHA,True,0.25,2228.580052681749
8992,0.54379,"15.0, 15.0","785.0, 785.0",EISMHA,True,0.25,2318.4069760248094
4904,0.24722,"15.0, 15.0","785.0, 785.0",EISMHA,True,0.25,1843.946463573825
6073,0.32556,"15.0, 15.0","785.0, 785.0",EISMHA,True,0.25,2105.1860070510306
7971,0.46470,"15.0, 15.0","785.0, 785.0",EISMHA,True,0.25,2101.2003376314806
7557,0.44596,"15.0, 15.0","785.0, 785.0",EISMHA,True,0.25,1916.7972885961615
10925,0.71469,"15.0, 15.0","785.0, 785.0",EISMHA,True,0.25,2196.213044552046
9745,0.62056,"15.0, 15.0","785.0, 785.0",EISMHA,True,0.25,2061.137596805537
10103,0.65783,"15.0, 15.0","785.0, 785.0",EISMHA,True,0.25,1999.0791960045426
7335,0.42539,"15.0, 15.0","785.0, 785.0",EISMHA,True,0.25,2133.748876823383
8325,0.48844,"15.0, 15.0","785.0, 785.0",EISMHA,True,0.25,2317.8636283362675
8285,0.49800,"15.0, 15.0","785.0, 785.0",EISMHA,True,0.25,2168.6508019100174
9173,0.59602,"15.0, 15.0","785.0, 785.0",EISMHA,True,0.25,2136.844185067228
9705,0.61203,"15.0, 15.0","785.0, 785.0",EISMHA,True,0.25,2173.0296828331916
9265,0.59054,"15.0, 15.0","785.0, 785.0",EISMHA,True,0.25,2027.956385927439
5966,0.31829,"15.0, 15.0","785.0, 785.0",EISMHA,True,0.25,2017.8896900829188
6848,0.37844,"15.0, 15.0","785.0, 785.0",EISMHA,True,0.25,1888.2575981487391
12440,0.89985,"15.0, 15.0","785.0, 785.0",EISMHA,True,0.25,2062.3456494027346
7282,0.41480,"15.0, 15.0","785.0, 785.0",EISMHA,True,0.25,1970.0697158716978
9989,0.64545,"15.0, 15.0","785.0, 785.0",EISMHA,True,0.25,2075.063034441553
6660,0.37889,"15.0, 15.0","785.0, 785.0",EISMHA,True,0.25,2113.222054788236
8341,0.50065,"15.0, 15.0","785.0, 785.0",EISMHA,True,0.25,1957.2018453303583
11044,0.75157,"15.0, 15.0","785.0, 785.0",EISMHA,True,0.25,2127.731309370069
8710,0.53557,"15.0, 15.0","785.0, 785.0",EISMHA,True,0.25,2067.4482130178703
4849,0.24322,"15.0, 15.0","785.0, 785.0",EISMHA,True,0.25,1840.036326849502
8695,0.52748,"15.0, 15.0","785.0, 785.0",EISMHA,True,0.25,1880.9375551761377
10546,0.70030,"15.0, 15.0","785.0, 785.0",EISMHA,True,0.25,2292.8485455320574
8344,0.52258,"15.0, 15.0","785.0, 785.0",EISMHA,True,0.5,2125.2278217787766
8709,0.54851,"15.0, 15.0","785.0, 785.0",EISMHA,True,0.5,1933.1835178721121
13535,1.04948,"15.0, 15.0","785.0, 785.0",EISMHA,True,0.5,2223.1199465489035
12848,0.97239,"15.0, 15.0","785.0, 785.0",EISMHA,True,0.5,2168.545356304155
8566,0.55319,"15.0, 15.0","785.0, 785.0",EISMHA,True,0.5,2068.347680765824
8844,0.57153,"15.0, 15.0","785.0, 785.0",EISMHA,True,0.5,2075.830874284173
16267,1.36778,"15.0, 15.0","785.0, 785.0",EISMHA,True,0.5,2156.2675964954233
9163,0.57412,"15.0, 15.0","785.0, 785.0",EISMHA,True,0.5,2127.0350767044
9428,0.61010,"15.0, 15.0","785.0, 785.0",EISMHA,True,0.5,2225.655770976559
14729,1.17216,"15.0, 15.0","785.0, 785.0",EISMHA,True,0.5,2417.206037859798
9128,0.58180,"15.0, 15.0","785.0, 785.0",EISMHA,True,0.5,2145.7736479800533
12452,0.93688,"15.0, 15.0","785.0, 785.0",EISMHA,True,0.5,2283.5352308802
11369,0.82626,"15.0, 15.0","785.0, 785.0",EISMHA,True,0.5,2067.777850575482
9443,0.63957,"15.0, 15.0","785.0, 785.0",EISMHA,True,0.5,2001.0814777664345
10604,0.74519,"15.0, 15.0","785.0, 785.0",EISMHA,True,0.5,2029.152944174925
11633,0.85323,"15.0, 15.0","785.0, 785.0",EISMHA,True,0.5,2201.123499392459
11266,0.79644,"15.0, 15.0","785.0, 785.0",EISMHA,True,0.5,2022.0841627659968
14081,1.11408,"15.0, 15.0","785.0, 785.0",EISMHA,True,0.5,2264.1539110148847
12256,0.87774,"15.0, 15.0","785.0, 785.0",EISMHA,True,0.5,2109.6039683808235
9188,0.58054,"15.0, 15.0","785.0, 785.0",EISMHA,True,0.5,1988.9148265141416
9385,0.61419,"15.0, 15.0","785.0, 785.0",EISMHA,True,0.5,2127.8766406275486
15817,1.30159,"15.0, 15.0","785.0, 785.0",EISMHA,True,0.5,2181.955707143404
14799,1.18460,"15.0, 15.0","785.0, 785.0",EISMHA,True,0.5,1955.5311084047664
14387,1.12458,"15.0, 15.0","785.0, 785.0",EISMHA,True,0.5,2294.088766525393
14654,1.16170,"15.0, 15.0","785.0, 785.0",EISMHA,True,0.5,2255.2972906393334
10383,0.69163,"15.0, 15.0","785.0, 785.0",EISMHA,True,0.5,2136.7793729242617
12511,0.89201,"15.0, 15.0","785.0, 785.0",EISMHA,True,0.5,2055.867963524769
14536,1.11366,"15.0, 15.0","785.0, 785.0",EISMHA,True,0.5,2358.9246019541624
10522,0.72842,"15.0, 15.0","785.0, 785.0",EISMHA,True,0.5,2110.5605081558942
8585,0.53614,"15.0, 15.0","785.0, 785.0",EISMHA,True,0.5,2117.2902624826975
9309,0.59940,"15.0, 15.0","785.0, 785.0",EISMHA,True,0.5,2089.8469256503504
9856,0.64013,"15.0, 15.0","785.0, 785.0",EISMHA,True,0.5,1965.2782767486283
10706,0.72806,"15.0, 15.0","785.0, 785.0",EISMHA,True,0.5,2059.001070305794
8289,0.50646,"15.0, 15.0","785.0, 785.0",EISMHA,True,0.5,2090.9959866981335
11754,0.83726,"15.0, 15.0","785.0, 785.0",EISMHA,True,0.5,2185.5708583949518
7409,0.43741,"15.0, 15.0","785.0, 785.0",EISMHA,True,0.5,2092.60481766199
9372,0.59855,"15.0, 15.0","785.0, 785.0",EISMHA,True,0.5,2071.713519880281
10761,0.72359,"15.0, 15.0","785.0, 785.0",EISMHA,True,0.5,2245.127103815579
11642,0.80974,"15.0, 15.0","785.0, 785.0",EISMHA,True,0.5,2133.4504059958617
16336,1.37339,"15.0, 15.0","785.0, 785.0",EISMHA,True,0.5,2287.9289755125665
10932,0.75386,"15.0, 15.0","785.0, 785.0",EISMHA,True,0.5,2176.3161501852355
7295,0.42539,"15.0, 15.0","785.0, 785.0",EISMHA,True,0.5,2021.3141523080524
13744,1.02966,"15.0, 15.0","785.0, 785.0",EISMHA,True,0.5,2080.2143272443664
13163,0.98155,"15.0, 15.0","785.0, 785.0",EISMHA,True,0.5,2196.001314128424
9687,0.63457,"15.0, 15.0","785.0, 785.0",EISMHA,True,0.5,2035.6634461679794
7619,0.45296,"15.0, 15.0","785.0, 785.0",EISMHA,True,0.5,2104.9400271677437
8352,0.50646,"15.0, 15.0","785.0, 785.0",EISMHA,True,0.5,2023.8319672477312
8052,0.48718,"15.0, 15.0","785.0, 785.0",EISMHA,True,0.5,2114.487544224401
8442,0.52110,"15.0, 15.0","785.0, 785.0",EISMHA,True,0.5,2131.2386704955743
12726,0.95013,"15.0, 15.0","785.0, 785.0",EISMHA,True,0.5,2143.7840401577655
13787,1.07224,"15.0, 15.0","785.0, 785.0",EISMHA,True,0.5,2239.646589131755
7901,0.48844,"15.0, 15.0","785.0, 785.0",EISMHA,True,0.5,2047.5069492979983
11342,0.78772,"15.0, 15.0","785.0, 785.0",EISMHA,True,0.5,2162.5378136246372
8996,0.57005,"15.0, 15.0","785.0, 785.0",EISMHA,True,0.5,2103.9272893772
13528,1.03194,"15.0, 15.0","785.0, 785.0",EISMHA,True,0.5,2195.451718582456
11432,0.79898,"15.0, 15.0","785.0, 785.0",EISMHA,True,0.5,2053.265802485982
8505,0.53150,"15.0, 15.0","785.0, 785.0",EISMHA,True,0.5,2135.7895677251636
14921,1.16394,"15.0, 15.0","785.0, 785.0",EISMHA,True,0.5,2064.8898024784908
16849,1.38784,"15.0, 15.0","785.0, 785.0",EISMHA,True,0.5,2424.35486145468
16711,1.41153,"15.0, 15.0","785.0, 785.0",EISMHA,True,0.5,2269.8981509626683
9585,0.60390,"15.0, 15.0","785.0, 785.0",EISMHA,True,0.5,2184.4694480580724
14491,1.10383,"15.0, 15.0","785.0, 785.0",EISMHA,True,0.5,2046.352054486732
13948,1.03427,"15.0, 15.0","785.0, 785.0",EISMHA,True,0.5,2258.3338755198356
11521,0.79112,"15.0, 15.0","785.0, 785.0",EISMHA,True,0.5,2220.1046400056084
15296,1.21172,"15.0, 15.0","785.0, 785.0",EISMHA,True,0.5,2225.3752820309974
12792,0.91986,"15.0, 15.0","785.0, 785.0",EISMHA,True,0.5,2228.243940299247
9153,0.56353,"15.0, 15.0","785.0, 785.0",EISMHA,True,0.5,2101.3663938755235
15877,1.27484,"15.0, 15.0","785.0, 785.0",EISMHA,True,0.5,2284.296902484465
11034,0.73417,"15.0, 15.0","785.0, 785.0",EISMHA,True,0.5,2107.8354515362835
10658,0.69925,"15.0, 15.0","785.0, 785.0",EISMHA,True,0.5,2237.727249461192
11897,0.83014,"15.0, 15.0","785.0, 785.0",EISMHA,True,0.5,2113.0375931229705
10658,0.70035,"15.0, 15.0","785.0, 785.0",EISMHA,True,0.5,2119.73531537508
11866,0.83477,"15.0, 15.0","785.0, 785.0",EISMHA,True,0.5,2200.9919793651393
14178,1.06422,"15.0, 15.0","785.0, 785.0",EISMHA,True,0.5,2209.652464636856
10467,0.68727,"15.0, 15.0","785.0, 785.0",EISMHA,True,0.5,2012.3917161611198
10077,0.64195,"15.0, 15.0","785.0, 785.0",EISMHA,True,0.5,2152.3435973619635
7743,0.45375,"15.0, 15.0","785.0, 785.0",EISMHA,True,0.5,2141.782799948878
8251,0.48844,"15.0, 15.0","785.0, 785.0",EISMHA,True,0.5,1969.5382947017233
8027,0.47555,"15.0, 15.0","785.0, 785.0",EISMHA,True,0.5,2105.903149518779
8163,0.47544,"15.0, 15.0","785.0, 785.0",EISMHA,True,0.5,2244.716992480219
14678,1.12783,"15.0, 15.0","785.0, 785.0",EISMHA,True,0.5,2310.3042976976176
9029,0.55472,"15.0, 15.0","785.0, 785.0",EISMHA,True,0.5,2040.5661754847106
10432,0.68238,"15.0, 15.0","785.0, 785.0",EISMHA,True,0.5,2156.012946485902
14126,1.07787,"15.0, 15.0","785.0, 785.0",EISMHA,True,0.5,2255.391494681001
11464,0.78304,"15.0, 15.0","785.0, 785.0",EISMHA,True,0.5,2187.5046361181303
8938,0.54408,"15.0, 15.0","785.0, 785.0",EISMHA,True,0.5,2065.790572600183
10764,0.71321,"15.0, 15.0","785.0, 785.0",EISMHA,True,0.5,2074.311452109347
13235,0.97333,"15.0, 15.0","785.0, 785.0",EISMHA,True,0.5,2292.566561063281
8434,0.49998,"15.0, 15.0","785.0, 785.0",EISMHA,True,0.5,1937.7957674394927
8428,0.51286,"15.0, 15.0","785.0, 785.0",EISMHA,True,0.5,2200.486058305213
12743,0.91109,"15.0, 15.0","785.0, 785.0",EISMHA,True,0.5,2287.8588065758227
9388,0.58186,"15.0, 15.0","785.0, 785.0",EISMHA,True,0.5,2036.1285799686457
13817,1.01928,"15.0, 15.0","785.0, 785.0",EISMHA,True,0.5,2144.102666373976
7873,0.45487,"15.0, 15.0","785.0, 785.0",EISMHA,True,0.5,2098.980345974445
13982,1.08999,"15.0, 15.0","785.0, 785.0",EISMHA,True,0.5,2034.45029117005
15173,1.19159,"15.0, 15.0","785.0, 785.0",EISMHA,True,0.5,2587.737258664418
8152,0.49696,"15.0, 15.0","785.0, 785.0",EISMHA,True,0.5,2097.4347270452863
9036,0.56480,"15.0, 15.0","785.0, 785.0",EISMHA,True,0.5,2020.1736866029553
10334,0.69680,"15.0, 15.0","785.0, 785.0",EISMHA,True,0.5,2177.8695753757393
12276,0.88266,"15.0, 15.0","785.0, 785.0",EISMHA,True,0.5,2173.804682971555
11070,0.75370,"15.0, 15.0","785.0, 785.0",EISMHA,True,0.75,2027.7275651389816
9567,0.61207,"15.0, 15.0","785.0, 785.0",EISMHA,True,0.75,2083.343064523263
12838,0.92684,"15.0, 15.0","785.0, 785.0",EISMHA,True,0.75,2262.3893115513433
11934,0.82975,"15.0, 15.0","785.0, 785.0",EISMHA,True,0.75,2183.296930148166
10365,0.68885,"15.0, 15.0","785.0, 785.0",EISMHA,True,0.75,2054.78972377841
11639,0.81374,"15.0, 15.0","785.0, 785.0",EISMHA,True,0.75,1995.8144448561247
8942,0.55696,"15.0, 15.0","785.0, 785.0",EISMHA,True,0.75,1886.981423240135
14758,1.13917,"15.0, 15.0","785.0, 785.0",EISMHA,True,0.75,2143.1951518310825
6914,0.39219,"15.0, 15.0","785.0, 785.0",EISMHA,True,0.75,2130.0452364389894
12962,0.95883,"15.0, 15.0","785.0, 785.0",EISMHA,True,0.75,2101.811963729549
12510,0.89802,"15.0, 15.0","785.0, 785.0",EISMHA,True,0.75,1989.7925678040235
8864,0.54622,"15.0, 15.0","785.0, 785.0",EISMHA,True,0.75,2126.792457696524
13630,1.00893,"15.0, 15.0","785.0, 785.0",EISMHA,True,0.75,2061.9360588188288
14848,1.16405,"15.0, 15.0","785.0, 785.0",EISMHA,True,0.75,1900.147067863452
9396,0.59107,"15.0, 15.0","785.0, 785.0",EISMHA,True,0.75,2072.803519281305
10809,0.72468,"15.0, 15.0","785.0, 785.0",EISMHA,True,0.75,2090.070464726637
11756,0.81884,"15.0, 15.0","785.0, 785.0",EISMHA,True,0.75,2072.203022046791
9009,0.56805,"15.0, 15.0","785.0, 785.0",EISMHA,True,0.75,1937.781341268023
11291,0.77926,"15.0, 15.0","785.0, 785.0",EISMHA,True,0.75,1916.6142047621172
9905,0.64809,"15.0, 15.0","785.0, 785.0",EISMHA,True,0.75,2183.09317367428
8030,0.48544,"15.0, 15.0","785.0, 785.0",EISMHA,True,0.75,1988.2769706303607
8989,0.57083,"15.0, 15.0","785.0, 785.0",EISMHA,True,0.75,1923.3716276108046
14564,1.13123,"15.0, 15.0","785.0, 785.0",EISMHA,True,0.75,2084.5134008135524
9179,0.57352,"15.0, 15.0","785.0, 785.0",EISMHA,True,0.75,1953.6799178785461
11531,0.79229,"15.0, 15.0","785.0, 785.0",EISMHA,True,0.75,2067.1216136701596
9684,0.62389,"15.0, 15.0","785.0, 785.0",EISMHA,True,0.75,2122.7824535632335
11252,0.76962,"15.0, 15.0","785.0, 785.0",EISMHA,True,0.75,2017.4069628665889
7775,0.45842,"15.0, 15.0","785.0, 785.0",EISMHA,True,0.75,2025.5838242721534
9886,0.63759,"15.0, 15.0","785.0, 785.0",EISMHA,True,0.75,1995.2112674844166
9273,0.59254,"15.0, 15.0","785.0, 785.0",EISMHA,True,0.75,2087.0144814164423
9995,0.64667,"15.0, 15.0","785.0, 785.0",EISMHA,True,0.75,1864.8535796141623
9512,0.61309,"15.0, 15.0","785.0, 785.0",EISMHA,True,0.75,1830.4270211304506
8464,0.51046,"15.0, 15.0","785.0, 785.0",EISMHA,True,0.75,2033.9192159864267
10371,0.67561,"15.0, 15.0","785.0, 785.0",EISMHA,True,0.75,1962.659457308986
9955,0.64311,"15.0, 15.0","785.0, 785.0",EISMHA,True,0.75,2008.1151656021332
17769,1.51779,"15.0, 15.0","785.0, 785.0",EISMHA,True,0.75,2425.1211993926177
10198,0.67262,"15.0, 15.0","785.0, 785.0",EISMHA,True,0.75,1913.988327901593
9448,0.59459,"15.0, 15.0","785.0, 785.0",EISMHA,True,0.75,2101.5407325032656
12497,0.89185,"15.0, 15.0","785.0, 785.0",EISMHA,True,0.75,2186.6007250648513
16019,1.30737,"15.0, 15.0","785.0, 785.0",EISMHA,True,0.75,2102.1409079162254
14361,1.11621,"15.0, 15.0","785.0, 785.0",EISMHA,True,0.75,2213.313483273414
7811,0.47431,"15.0, 15.0","785.0, 785.0",EISMHA,True,0.75,2057.072746932867
10338,0.68476,"15.0, 15.0","785.0, 785.0",EISMHA,True,0.75,1831.2320559091434
9270,0.58253,"15.0, 15.0","785.0, 785.0",EISMHA,True,0.75,1927.2176359779069
12437,0.89433,"15.0, 15.0","785.0, 785.0",EISMHA,True,0.75,2252.9109431152856
12275,0.87184,"15.0, 15.0","785.0, 785.0",EISMHA,True,0.75,2071.942212565868
9631,0.61456,"15.0, 15.0","785.0, 785.0",EISMHA,True,0.75,2118.2121759100087
10577,0.70218,"15.0, 15.0","785.0, 785.0",EISMHA,True,0.75,2078.15333867592
7617,0.44493,"15.0, 15.0","785.0, 785.0",EISMHA,True,0.75,2022.3010313790542
11382,0.79165,"15.0, 15.0","785.0, 785.0",EISMHA,True,0.75,2067.1647414362856
8510,0.51738,"15.0, 15.0","785.0, 785.0",EISMHA,True,0.75,2040.8421420351524
12431,0.88967,"15.0, 15.0","785.0, 785.0",EISMHA,True,0.75,2064.398466552631
15814,1.26944,"15.0, 15.0","785.0, 785.0",EISMHA,True,0.75,1830.0932619290866
14338,1.08553,"15.0, 15.0","785.0, 785.0",EISMHA,True,0.75,2046.0580507426778
14078,1.07798,"15.0, 15.0","785.0, 785.0",EISMHA,True,0.75,2145.677780541375
15282,1.20964,"15.0, 15.0","785.0, 785.0",EISMHA,True,0.75,2091.7483422455934
7717,0.45791,"15.0, 15.0","785.0, 785.0",EISMHA,True,0.75,1993.0092604027832
14239,1.10403,"15.0, 15.0","785.0, 785.0",EISMHA,True,0.75,2148.6350206859365
8041,0.47962,"15.0, 15.0","785.0, 785.0",EISMHA,True,0.75,1869.3303279647796
14681,1.12406,"15.0, 15.0","785.0, 785.0",EISMHA,True,0.75,2153.9804732166194
10846,0.73567,"15.0, 15.0","785.0, 785.0",EISMHA,True,0.75,2118.4733956389414
10739,0.72636,"15.0, 15.0","785.0, 785.0",EISMHA,True,0.75,1923.4817460774486
8108,0.48344,"15.0, 15.0","785.0, 785.0",EISMHA,True,0.75,1914.1334443437838
9804,0.63257,"15.0, 15.0","785.0, 785.0",EISMHA,True,0.75,1931.1063941440486
11311,0.77070,"15.0, 15.0","785.0, 785.0",EISMHA,True,0.75,1864.5100354387996
9520,0.60808,"15.0, 15.0","785.0, 785.0",EISMHA,True,0.75,1981.4512642264433
14513,1.12336,"15.0, 15.0","785.0, 785.0",EISMHA,True,0.75,2247.436546590847
10785,0.74496,"15.0, 15.0","785.0, 785.0",EISMHA,True,0.75,2060.3160056721213
8302,0.52157,"15.0, 15.0","785.0, 785.0",EISMHA,True,0.75,1904.5697660662902
12331,0.89771,"15.0, 15.0","785.0, 785.0",EISMHA,True,0.75,1901.154756948794
11520,0.79772,"15.0, 15.0","785.0, 785.0",EISMHA,True,0.75,2127.94330130947
9251,0.60556,"15.0, 15.0","785.0, 785.0",EISMHA,True,0.75,2037.6673386289986
16059,1.31503,"15.0, 15.0","785.0, 785.0",EISMHA,True,0.75,2283.9458823720934
9220,0.59554,"15.0, 15.0","785.0, 785.0",EISMHA,True,0.75,1955.9273655546733
9073,0.57102,"15.0, 15.0","785.0, 785.0",EISMHA,True,0.75,1917.7162081729123
8400,0.50446,"15.0, 15.0","785.0, 785.0",EISMHA,True,0.75,2100.1054312073825
14679,1.13642,"15.0, 15.0","785.0, 785.0",EISMHA,True,0.75,2082.320884861586
15592,1.22369,"15.0, 15.0","785.0, 785.0",EISMHA,True,0.75,1854.3165866060422
7132,0.40596,"15.0, 15.0","785.0, 785.0",EISMHA,True,0.75,2189.44039438783
8965,0.56704,"15.0, 15.0","785.0, 785.0",EISMHA,True,0.75,2080.6253189212584
9071,0.56852,"15.0, 15.0","785.0, 785.0",EISMHA,True,0.75,2103.645512169349
8884,0.54950,"15.0, 15.0","785.0, 785.0",EISMHA,True,0.75,2027.8453197598744
14479,1.11821,"15.0, 15.0","785.0, 785.0",EISMHA,True,0.75,2295.281075148978
10454,0.69505,"15.0, 15.0","785.0, 785.0",EISMHA,True,0.75,1800.1331505958203
11970,0.84377,"15.0, 15.0","785.0, 785.0",EISMHA,True,0.75,2041.9294920682098
14598,1.12917,"15.0, 15.0","785.0, 785.0",EISMHA,True,0.75,2061.1507304776205
18088,1.53996,"15.0, 15.0","785.0, 785.0",EISMHA,True,0.75,2034.1757351793945
9514,0.59007,"15.0, 15.0","785.0, 785.0",EISMHA,True,0.75,2005.5788930528515
11440,0.77898,"15.0, 15.0","785.0, 785.0",EISMHA,True,0.75,2068.78786668448
16057,1.26658,"15.0, 15.0","785.0, 785.0",EISMHA,True,0.75,2212.064720304121
13580,0.99749,"15.0, 15.0","785.0, 785.0",EISMHA,True,0.75,2097.356413042748
10476,0.67219,"15.0, 15.0","785.0, 785.0",EISMHA,True,0.75,2145.973616238358
9028,0.55552,"15.0, 15.0","785.0, 785.0",EISMHA,True,0.75,1947.3251587457557
11271,0.75521,"15.0, 15.0","785.0, 785.0",EISMHA,True,0.75,1957.776333997909
9000,0.54850,"15.0, 15.0","785.0, 785.0",EISMHA,True,0.75,2054.521168968723
8256,0.48744,"15.0, 15.0","785.0, 785.0",EISMHA,True,0.75,1845.0552639739833
8621,0.51700,"15.0, 15.0","785.0, 785.0",EISMHA,True,0.75,2175.8616625950153
8576,0.51111,"15.0, 15.0","785.0, 785.0",EISMHA,True,0.75,1879.6075664306593
12530,0.88380,"15.0, 15.0","785.0, 785.0",EISMHA,True,0.75,2011.479506370432
10244,0.67461,"15.0, 15.0","785.0, 785.0",EISMHA,True,0.75,1987.303052891658
10314,0.67075,"15.0, 15.0","785.0, 785.0",EISMHA,True,1.0,1814.6867879352146
3430,0.16515,"15.0, 15.0","785.0, 785.0",EISMHA,True,1.0,1804.24738454897
7793,0.46442,"15.0, 15.0","785.0, 785.0",EISMHA,True,1.0,2002.8413099024758
4842,0.25527,"15.0, 15.0","785.0, 785.0",EISMHA,True,1.0,1927.0488209412229
7457,0.44350,"15.0, 15.0","785.0, 785.0",EISMHA,True,1.0,1879.547847720631
13379,0.95938,"15.0, 15.0","785.0, 785.0",EISMHA,True,1.0,1854.9474959484178
5451,0.29692,"15.0, 15.0","785.0, 785.0",EISMHA,True,1.0,1765.774865345793
5451,0.29327,"15.0, 15.0","785.0, 785.0",EISMHA,True,1.0,1756.5860543591718
3258,0.16415,"15.0, 15.0","785.0, 785.0",EISMHA,True,1.0,1837.9208977091484
7369,0.41991,"15.0, 15.0","785.0, 785.0",EISMHA,True,1.0,1885.5906463997085
10129,0.65322,"15.0, 15.0","785.0, 785.0",EISMHA,True,1.0,1861.1315905927165
3293,0.16015,"15.0, 15.0","785.0, 785.0",EISMHA,True,1.0,1897.789791511985
10370,0.67087,"15.0, 15.0","785.0, 785.0",EISMHA,True,1.0,1884.1723099585258
7723,0.46442,"15.0, 15.0","785.0, 785.0",EISMHA,True,1.0,2063.9217957584206
7976,0.47343,"15.0, 15.0","785.0, 785.0",EISMHA,True,1.0,1932.058787243808
9232,0.59003,"15.0, 15.0","785.0, 785.0",EISMHA,True,1.0,1952.4434544261067
12725,0.92285,"15.0, 15.0","785.0, 785.0",EISMHA,True,1.0,1989.5803996964628
5442,0.29179,"15.0, 15.0","785.0, 785.0",EISMHA,True,1.0,2028.9832009178688
4731,0.24722,"15.0, 15.0","785.0, 785.0",EISMHA,True,1.0,2022.7009568495118
5689,0.31429,"15.0, 15.0","785.0, 785.0",EISMHA,True,1.0,1906.3491651144777
7097,0.40237,"15.0, 15.0","785.0, 785.0",EISMHA,True,1.0,2007.2751723670447
15609,1.21641,"15.0, 15.0","785.0, 785.0",EISMHA,True,1.0,2203.6514371660173
7814,0.45989,"15.0, 15.0","785.0, 785.0",EISMHA,True,1.0,1769.3844159426699
8520,0.53751,"15.0, 15.0","785.0, 785.0",EISMHA,True,1.0,1920.8344618490617
4769,0.25124,"15.0, 15.0","785.0, 785.0",EISMHA,True,1.0,1799.4919170015853
5420,0.29327,"15.0, 15.0","785.0, 785.0",EISMHA,True,1.0,1954.9537549666554
10093,0.64010,"15.0, 15.0","785.0, 785.0",EISMHA,True,1.0,1740.2575752906996
8292,0.50093,"15.0, 15.0","785.0, 785.0",EISMHA,True,1.0,1830.4636240965103
9174,0.58353,"15.0, 15.0","785.0, 785.0",EISMHA,True,1.0,1942.2031265092705
3081,0.15215,"15.0, 15.0","785.0, 785.0",EISMHA,True,1.0,1826.567256847797
4731,0.24823,"15.0, 15.0","785.0, 785.0",EISMHA,True,1.0,1784.4916771159876
8614,0.51247,"15.0, 15.0","785.0, 785.0",EISMHA,True,1.0,1942.2592842055471
7174,0.40837,"15.0, 15.0","785.0, 785.0",EISMHA,True,1.0,2062.4304270903367
9961,0.63458,"15.0, 15.0","785.0, 785.0",EISMHA,True,1.0,2089.484587922136
9952,0.64511,"15.0, 15.0","785.0, 785.0",EISMHA,True,1.0,1912.5967795137303
7297,0.41837,"15.0, 15.0","785.0, 785.0",EISMHA,True,1.0,1809.587378377894
8746,0.53149,"15.0, 15.0","785.0, 785.0",EISMHA,True,1.0,1972.3869401934833
4549,0.23975,"15.0, 15.0","785.0, 785.0",EISMHA,True,1.0,1745.295446710867
5050,0.26755,"15.0, 15.0","785.0, 785.0",EISMHA,True,1.0,1826.1529852255983
6179,0.34881,"15.0, 15.0","785.0, 785.0",EISMHA,True,1.0,1780.7643117338712
5862,0.32379,"15.0, 15.0","785.0, 785.0",EISMHA,True,1.0,1971.4775740778198
11210,0.76039,"15.0, 15.0","785.0, 785.0",EISMHA,True,1.0,1914.936990360458
3427,0.16816,"15.0, 15.0","785.0, 785.0",EISMHA,True,1.0,1834.286725722642
5713,0.30528,"15.0, 15.0","785.0, 785.0",EISMHA,True,1.0,1804.9410097994146
4614,0.23421,"15.0, 15.0","785.0, 785.0",EISMHA,True,1.0,1866.2107090326342
6833,0.39837,"15.0, 15.0","785.0, 785.0",EISMHA,True,1.0,2097.734560048267
7823,0.46242,"15.0, 15.0","785.0, 785.0",EISMHA,True,1.0,1916.5765991869916
9973,0.63798,"15.0, 15.0","785.0, 785.0",EISMHA,True,1.0,1697.4309380603074
7825,0.45743,"15.0, 15.0","785.0, 785.0",EISMHA,True,1.0,1836.2252391735042
9384,0.58753,"15.0, 15.0","785.0, 785.0",EISMHA,True,1.0,1786.7328213159744
8067,0.48271,"15.0, 15.0","785.0, 785.0",EISMHA,True,1.0,1891.9791403602742
4719,0.25223,"15.0, 15.0","785.0, 785.0",EISMHA,True,1.0,1770.6266256813312
7969,0.47743,"15.0, 15.0","785.0, 785.0",EISMHA,True,1.0,1964.0718472411868
8739,0.53450,"15.0, 15.0","785.0, 785.0",EISMHA,True,1.0,1816.0091293236844
8955,0.54750,"15.0, 15.0","785.0, 785.0",EISMHA,True,1.0,1811.0236185543147
6657,0.37934,"15.0, 15.0","785.0, 785.0",EISMHA,True,1.0,1975.7206341444987
9325,0.57829,"15.0, 15.0","785.0, 785.0",EISMHA,True,1.0,1860.8288751382854
6218,0.34983,"15.0, 15.0","785.0, 785.0",EISMHA,True,1.0,2027.4558494695586
6185,0.34531,"15.0, 15.0","785.0, 785.0",EISMHA,True,1.0,1991.5634222767044
10860,0.73653,"15.0, 15.0","785.0, 785.0",EISMHA,True,1.0,2075.0648523234026
7655,0.44378,"15.0, 15.0","785.0, 785.0",EISMHA,True,1.0,1853.815805039485
7158,0.40489,"15.0, 15.0","785.0, 785.0",EISMHA,True,1.0,1917.9761232374237
9251,0.57452,"15.0, 15.0","785.0, 785.0",EISMHA,True,1.0,1780.9438269071238
4958,0.26524,"15.0, 15.0","785.0, 785.0",EISMHA,True,1.0,2007.7749603403927
10754,0.70169,"15.0, 15.0","785.0, 785.0",EISMHA,True,1.0,2013.940921469335
7446,0.43091,"15.0, 15.0","785.0, 785.0",EISMHA,True,1.0,1949.58095906215
7894,0.45942,"15.0, 15.0","785.0, 785.0",EISMHA,True,1.0,1781.4328218098694
6133,0.34281,"15.0, 15.0","785.0, 785.0",EISMHA,True,1.0,1802.4028065068724
4488,0.22943,"15.0, 15.0","785.0, 785.0",EISMHA,True,1.0,1875.7100221702103
7006,0.39136,"15.0, 15.0","785.0, 785.0",EISMHA,True,1.0,1986.3991611582912
6111,0.34131,"15.0, 15.0","785.0, 785.0",EISMHA,True,1.0,1921.4202884160213
6511,0.36633,"15.0, 15.0","785.0, 785.0",EISMHA,True,1.0,1961.3372799790488
9424,0.59947,"15.0, 15.0","785.0, 785.0",EISMHA,True,1.0,2031.6908990862414
5925,0.32635,"15.0, 15.0","785.0, 785.0",EISMHA,True,1.0,1971.4745698296815
8441,0.50650,"15.0, 15.0","785.0, 785.0",EISMHA,True,1.0,1834.2468254496148
7055,0.40637,"15.0, 15.0","785.0, 785.0",EISMHA,True,1.0,1899.3538306944947
8263,0.48744,"15.0, 15.0","785.0, 785.0",EISMHA,True,1.0,1964.7180202636519
10108,0.65921,"15.0, 15.0","785.0, 785.0",EISMHA,True,1.0,1913.2467402563188
7553,0.43840,"15.0, 15.0","785.0, 785.0",EISMHA,True,1.0,1976.3351618500878
7799,0.45641,"15.0, 15.0","785.0, 785.0",EISMHA,True,1.0,1815.2372186737337
8867,0.55343,"15.0, 15.0","785.0, 785.0",EISMHA,True,1.0,1996.103186649941
6975,0.40136,"15.0, 15.0","785.0, 785.0",EISMHA,True,1.0,1928.1198880878098
6542,0.37934,"15.0, 15.0","785.0, 785.0",EISMHA,True,1.0,1820.1913497377507
6175,0.34582,"15.0, 15.0","785.0, 785.0",EISMHA,True,1.0,1991.5988494007424
5902,0.32429,"15.0, 15.0","785.0, 785.0",EISMHA,True,1.0,2046.8798178093039
6402,0.38235,"15.0, 15.0","785.0, 785.0",EISMHA,True,1.0,1787.3120214546257
7249,0.41639,"15.0, 15.0","785.0, 785.0",EISMHA,True,1.0,1927.6898820676026
7532,0.43695,"15.0, 15.0","785.0, 785.0",EISMHA,True,1.0,1769.0622258749747
8743,0.53516,"15.0, 15.0","785.0, 785.0",EISMHA,True,1.0,1899.2569270208046
6351,0.35432,"15.0, 15.0","785.0, 785.0",EISMHA,True,1.0,1914.846338111775
8563,0.52505,"15.0, 15.0","785.0, 785.0",EISMHA,True,1.0,1916.132583143049
8298,0.49750,"15.0, 15.0","785.0, 785.0",EISMHA,True,1.0,1856.5703476712724
8189,0.49249,"15.0, 15.0","785.0, 785.0",EISMHA,True,1.0,1820.5180089209236
9006,0.56350,"15.0, 15.0","785.0, 785.0",EISMHA,True,1.0,1918.046068677096
7464,0.43948,"15.0, 15.0","785.0, 785.0",EISMHA,True,1.0,1893.1314761363926
10187,0.66413,"15.0, 15.0","785.0, 785.0",EISMHA,True,1.0,2107.4552044697352
5583,0.30628,"15.0, 15.0","785.0, 785.0",EISMHA,True,1.0,1781.8530367333892
9220,0.57558,"15.0, 15.0","785.0, 785.0",EISMHA,True,1.0,1948.8091351589972
13868,1.02445,"15.0, 15.0","785.0, 785.0",EISMHA,True,1.0,1954.8666403011969
7235,0.41065,"15.0, 15.0","785.0, 785.0",EISMHA,True,1.0,1988.7773585781551
